"State_Code","State_Name","District_ID","District_Name","School_ID","School_Name","Combined_Key","Juvenile_Justice_School","CS_Classes_Offered","CS_Hispanic_Male","CS_Hispanic_Female","CS_AmericanIndian_Male","CS_AmericanIndian_Female","CS_Asian_Male","CS_Asian_Female","CS_PacificIslander_Male","CS_PacificIslander_Female","CS_Black_Male","CS_Black_Female","CS_White_Male","CS_White_Female","CS_TwoOrMore_Male","CS_TwoOrMore_Female","CS_Total_Male","CS_Total_Female","CS_EnglishLearner_Male","CS_EnglishLearner_Female","CS_Disability_Male","CS_Disability_Female","SCHOOL_YEAR","VIRTUAL_TEXT","TitleI_Status","school_enrollment","Elementary","Middle","High","sex_female","sex_male","race_american_indian","race_asian","race_black","race_hispanic","race_pacific_islander","race_multiracial","race_white","sex_total","race_total","Total_CS_Enrolment","White_CS","Black_CS","Hispanic_CS","Asian_CS","AmericanIndian_CS","Multiracial_CS","Disability_CS","EnglishLearner_CS","Prop_Male_CS","Prop_Female_CS","Race_Total_CS","Race_Exceeds_Total","Total_Race_CS","Prop_Black_CS","Prop_White_CS","Prop_Hispanic_CS","Prop_Asian_CS","Prop_AmericanIndian_CS","Prop_Multiracial_CS","has_CCD_info"
"OH","OHIO","3904375","Cincinnati Public Schools",353,"North Avondale Montessori School","390437500353","No",NA,NA,NA,NA,NA,NA,NA,NA,NA,NA,NA,NA,NA,NA,NA,NA,NA,NA,NA,NA,NA,"2021-2022","No virtual instruction","Targeted",3020,1,1,NA,0.197350993377483,0.202649006622517,0.00198675496688742,0.00463576158940397,0.262251655629139,0.0125827814569536,0,0.0324503311258278,0.0860927152317881,0.4,0.4,NA,0,0,0,0,0,0,0,0,NA,NA,0,NA,NA,NA,NA,NA,NA,NA,NA,TRUE
"CA","California","0621810","Linden Unified",2586,"Glenwood Elementary","062181002586","No",NA,NA,NA,NA,NA,NA,NA,NA,NA,NA,NA,NA,NA,NA,NA,NA,NA,NA,NA,NA,NA,"2020-2021","Not reported","Mixed",2205,1,1,NA,NA,NA,NA,NA,NA,0.285714285714286,NA,NA,NA,0,0.285714285714286,NA,0,0,0,0,0,0,0,0,NA,NA,0,NA,NA,NA,NA,NA,NA,NA,NA,TRUE
"MS","Mississippi","2802220","Jefferson Co School Dist",209,"Jefferson County Upper Elementary","280222000209","No",NA,NA,NA,NA,NA,NA,NA,NA,NA,NA,NA,NA,NA,NA,NA,NA,NA,NA,NA,NA,NA,"2020-2021","No virtual instruction","Schoolwide",755,1,1,NA,NA,NA,NA,NA,0.397350993377483,NA,NA,NA,NA,0,0.397350993377483,NA,0,0,0,0,0,0,0,0,NA,NA,0,NA,NA,NA,NA,NA,NA,NA,NA,TRUE
"NY","New York","3608460","Cortland City School District",646,"Cortland High School","360846000646","No",1,1,0,0,0,0,0,0,0,0,0,8,1,0,0,9,1,0,0,0,0,"2020-2021","Supplemental Virtual","Schoolwide",3195,NA,NA,1,NA,NA,NA,NA,NA,NA,NA,NA,0.338654147104851,0,0.338654147104851,10,9,0,1,0,0,0,0,0,0.9,0.1,10,FALSE,10,0,0.9,0.1,0,0,0,TRUE
"MI","MICHIGAN","2615870","Gibraltar School District",8793,"Lakeshore Virtual School","261587008793","No",2,3,0,0,0,0,0,0,0,0,0,6,2,0,1,9,3,1,0,2,1,"2021-2022","Primarily virtual","Schoolwide",1005,1,1,1,0.171144278606965,0.228855721393035,0,0.00995024875621891,0.0517412935323383,0.0398009950248756,0,0.0199004975124378,0.278606965174129,0.4,0.4,12,8,0,3,0,0,1,3,1,0.75,0.25,12,FALSE,12,0,0.666666666666667,0.25,0,0,0.0833333333333333,TRUE
"SD","South Dakota","4666270","Sioux Falls School District 49-5",1175,"Elementary Immersion Center - 43","466627001175","No",NA,NA,NA,NA,NA,NA,NA,NA,NA,NA,NA,NA,NA,NA,NA,NA,NA,NA,NA,NA,NA,"2020-2021","No virtual instruction","Schoolwide",585,1,NA,NA,0.181196581196581,0.218803418803419,0,0.00683760683760684,0.0854700854700855,0.287179487179487,0.00341880341880342,0,0.0170940170940171,0.4,0.4,NA,0,0,0,0,0,0,0,0,NA,NA,0,NA,NA,NA,NA,NA,NA,NA,NA,TRUE
"NJ","New Jersey","3400930","Asbury Park School District",3742,"Dr. Martin Luther King Upper Elementary School","340093003742","No",NA,NA,NA,NA,NA,NA,NA,NA,NA,NA,NA,NA,NA,NA,NA,NA,NA,NA,NA,NA,NA,"2020-2021","No virtual instruction","Schoolwide",1850,1,1,NA,NA,NA,NA,NA,0.196756756756757,0.191351351351351,NA,NA,NA,0,0.388108108108108,NA,0,0,0,0,0,0,0,0,NA,NA,0,NA,NA,NA,NA,NA,NA,NA,NA,TRUE
"IL","ILLINOIS","1700312","Eisenhower Cooperative",6558,"Eisenhower Coop-DHH Program","170031206558","No",NA,NA,NA,NA,NA,NA,NA,NA,NA,NA,NA,NA,NA,NA,NA,NA,NA,NA,NA,NA,NA,"2021-2022","No virtual instruction","Mixed",0,NA,NA,NA,NA,NA,NA,NA,NA,NA,NA,NA,NA,NA,NA,NA,0,0,0,0,0,0,0,0,NA,NA,0,NA,NA,NA,NA,NA,NA,NA,NA,TRUE
"NJ","NEW JERSEY","3405970","Glen Rock Public School District",488,"Central Elementary School","340597000488","No",NA,NA,NA,NA,NA,NA,NA,NA,NA,NA,NA,NA,NA,NA,NA,NA,NA,NA,NA,NA,NA,"2021-2022","No virtual instruction","Not_TitleI",1760,1,NA,NA,NA,NA,NA,0.0681818181818182,NA,NA,NA,NA,0.289772727272727,0,0.357954545454545,NA,0,0,0,0,0,0,0,0,NA,NA,0,NA,NA,NA,NA,NA,NA,NA,NA,TRUE
"OK","Oklahoma","4031470","Walters",29649,"Walters Ms","403147029649","No",NA,NA,NA,NA,NA,NA,NA,NA,NA,NA,NA,NA,NA,NA,NA,NA,NA,NA,NA,NA,NA,"2020-2021","No virtual instruction","Not_TitleI",740,NA,1,NA,NA,NA,0.0540540540540541,NA,NA,0.0540540540540541,NA,0.0459459459459459,0.240540540540541,0,0.394594594594595,NA,0,0,0,0,0,0,0,0,NA,NA,0,NA,NA,NA,NA,NA,NA,NA,NA,TRUE
"PA","PENNSYLVANIA","4218300","Oxford Area SD",7313,"Hopewell El Sch","421830007313","No",NA,NA,NA,NA,NA,NA,NA,NA,NA,NA,NA,NA,NA,NA,NA,NA,NA,NA,NA,NA,NA,"2021-2022","Supplemental Virtual","Schoolwide",2400,1,1,NA,0.220833333333333,0.179166666666667,0,0.000833333333333333,0.00833333333333333,0.154166666666667,0,0.015,0.221666666666667,0.4,0.4,NA,0,0,0,0,0,0,0,0,NA,NA,0,NA,NA,NA,NA,NA,NA,NA,NA,TRUE
"MA","MASSACHUSETTS","2503510","Chelmsford",2640,"Community Education Center","250351002640","No",NA,NA,NA,NA,NA,NA,NA,NA,NA,NA,NA,NA,NA,NA,NA,NA,NA,NA,NA,NA,NA,"2021-2022","No virtual instruction","Not_TitleI",635,1,NA,NA,NA,NA,NA,0.094488188976378,0.015748031496063,0.062992125984252,NA,0.0125984251968504,0.214173228346457,0,0.4,NA,0,0,0,0,0,0,0,0,NA,NA,0,NA,NA,NA,NA,NA,NA,NA,NA,TRUE
"PA","PENNSYLVANIA","4212720","Keystone SD",6694,"Keystone El Sch","421272006694","No",NA,NA,NA,NA,NA,NA,NA,NA,NA,NA,NA,NA,NA,NA,NA,NA,NA,NA,NA,NA,NA,"2021-2022","No virtual instruction","Schoolwide",2085,1,1,NA,0.191846522781775,0.208153477218225,0,0,0.000959232613908873,0.000959232613908873,0,0.0124700239808153,0.385611510791367,0.4,0.4,NA,0,0,0,0,0,0,0,0,NA,NA,0,NA,NA,NA,NA,NA,NA,NA,NA,TRUE
"OK","OKLAHOMA","4030240","TULSA",1675,"DANIEL WEBSTER HS","403024001675","No",0,NA,NA,NA,NA,NA,NA,NA,NA,NA,NA,NA,NA,NA,NA,NA,NA,NA,NA,NA,NA,"2021-2022","No virtual instruction","Schoolwide",1745,NA,NA,1,NA,NA,NA,NA,0.0916905444126074,0.0848137535816619,NA,0.0515759312320917,0.11919770773639,0,0.347277936962751,NA,0,0,0,0,0,0,0,0,NA,NA,0,NA,NA,NA,NA,NA,NA,NA,NA,TRUE
"RI","RHODE ISLAND","4400750","North Kingstown",168,"North Kingstown Sr. High","440075000168","No",3,2,0,1,0,2,0,0,0,3,0,31,11,6,0,45,11,1,0,1,0,"2021-2022","No virtual instruction","Targeted",7255,NA,NA,1,NA,NA,NA,0.00799448656099242,0.00689179875947622,0.0239834596829773,NA,0.0162646450723639,0.343211578221916,0,0.398345968297726,56,42,3,2,2,1,6,1,1,0.803571428571429,0.196428571428571,56,FALSE,56,0.0535714285714286,0.75,0.0357142857142857,0.0357142857142857,0.0178571428571429,0.107142857142857,TRUE
"VA","VIRGINIA","5102670","NORFOLK CITY PBLC SCHS",1089,"COLEMAN PLACE ELEM","510267001089","No",NA,NA,NA,NA,NA,NA,NA,NA,NA,NA,NA,NA,NA,NA,NA,NA,NA,NA,NA,NA,NA,"2021-2022","Supplemental Virtual","Schoolwide",3070,1,NA,NA,0.217589576547231,0.182410423452769,0.000651465798045603,0.00521172638436482,0.278827361563518,0.0534201954397394,0.000651465798045603,0.0319218241042345,0.0293159609120521,0.4,0.4,NA,0,0,0,0,0,0,0,0,NA,NA,0,NA,NA,NA,NA,NA,NA,NA,NA,TRUE
"NY","NEW YORK","3628140","STOCKBRIDGE VALLEY CENTRAL SCHOOL DISTRICT",3801,"STOCKBRIDGE VALLEY CENTRAL SCHOOL","362814003801","No",0,NA,NA,NA,NA,NA,NA,NA,NA,NA,NA,NA,NA,NA,NA,NA,NA,NA,NA,NA,NA,"2021-2022","No virtual instruction","Targeted",1945,1,1,1,NA,NA,NA,NA,NA,NA,NA,NA,0.37120822622108,0,0.37120822622108,NA,0,0,0,0,0,0,0,0,NA,NA,0,NA,NA,NA,NA,NA,NA,NA,NA,TRUE
"PA","PENNSYLVANIA","4226390","William Penn SD",1890,"East Lansdowne El Sch","422639001890","No",NA,NA,NA,NA,NA,NA,NA,NA,NA,NA,NA,NA,NA,NA,NA,NA,NA,NA,NA,NA,NA,"2021-2022","No virtual instruction","Schoolwide",1540,1,1,NA,0.187012987012987,0.212987012987013,0.0012987012987013,0.00909090909090909,0.328571428571429,0.0246753246753247,0,0.0181818181818182,0.0181818181818182,0.4,0.4,NA,0,0,0,0,0,0,0,0,NA,NA,0,NA,NA,NA,NA,NA,NA,NA,NA,TRUE
"NC","NORTH CAROLINA","3704950","Wilkes County Schools",1985,"Traphill Elementary School","370495001985","No",NA,NA,NA,NA,NA,NA,NA,NA,NA,NA,NA,NA,NA,NA,NA,NA,NA,NA,NA,NA,NA,"2021-2022","No virtual instruction","Schoolwide",430,1,NA,NA,0.190697674418605,0.209302325581395,0,0,0,0.0511627906976744,0,0.00465116279069767,0.344186046511628,0.4,0.4,NA,0,0,0,0,0,0,0,0,NA,NA,0,NA,NA,NA,NA,NA,NA,NA,NA,TRUE
"NY","New York","3620580","New York City Public Schools",2587,"Ps 164 Caesar Rodney","362058002587","No",NA,NA,NA,NA,NA,NA,NA,NA,NA,NA,NA,NA,NA,NA,NA,NA,NA,NA,NA,NA,NA,"2020-2021",NA,NA,NA,NA,NA,NA,NA,NA,NA,NA,NA,NA,NA,NA,NA,NA,NA,NA,0,0,0,0,0,0,0,0,NA,NA,0,NA,NA,NA,NA,NA,NA,NA,NA,FALSE
"NY","New York","3625260","Rye City School District",3489,"Midland School","362526003489","No",NA,NA,NA,NA,NA,NA,NA,NA,NA,NA,NA,NA,NA,NA,NA,NA,NA,NA,NA,NA,NA,"2020-2021","Supplemental Virtual","Not_TitleI",2425,1,NA,NA,NA,NA,NA,NA,NA,0.0296907216494845,NA,NA,0.297731958762887,0,0.327422680412371,NA,0,0,0,0,0,0,0,0,NA,NA,0,NA,NA,NA,NA,NA,NA,NA,NA,TRUE
"TX","Texas","4828920","Mansfield Isd",6582,"Glenn Harmon El","482892006582","No",NA,NA,NA,NA,NA,NA,NA,NA,NA,NA,NA,NA,NA,NA,NA,NA,NA,NA,NA,NA,NA,"2020-2021","Missing","Schoolwide",2220,1,NA,NA,0.199099099099099,0.200900900900901,0.0027027027027027,0.0225225225225225,0.197297297297297,0.0855855855855856,0.000900900900900901,0.0153153153153153,0.0756756756756757,0.4,0.4,NA,0,0,0,0,0,0,0,0,NA,NA,0,NA,NA,NA,NA,NA,NA,NA,NA,TRUE
"NM","New Mexico","3501950","Mountainair Public Schools",915,"Mountainair Jr High","350195000915","No",NA,NA,NA,NA,NA,NA,NA,NA,NA,NA,NA,NA,NA,NA,NA,NA,NA,NA,NA,NA,NA,"2020-2021","No virtual instruction","Schoolwide",260,NA,1,NA,NA,NA,NA,NA,NA,0.223076923076923,NA,NA,NA,0,0.223076923076923,NA,0,0,0,0,0,0,0,0,NA,NA,0,NA,NA,NA,NA,NA,NA,NA,NA,TRUE
"FL","Florida","1201470","Osceola",2576,"Lakeview Elementary School","120147002576","No",NA,NA,NA,NA,NA,NA,NA,NA,NA,NA,NA,NA,NA,NA,NA,NA,NA,NA,NA,NA,NA,"2020-2021","No virtual instruction","Schoolwide",3230,1,NA,NA,0.205572755417957,0.194427244582043,0,0.00309597523219814,0.0173374613003096,0.206811145510836,0.000619195046439629,0.021671826625387,0.15046439628483,0.4,0.4,NA,0,0,0,0,0,0,0,0,NA,NA,0,NA,NA,NA,NA,NA,NA,NA,NA,TRUE
"NY","NEW YORK","3620580","NEW YORK CITY PUBLIC SCHOOLS",3646,"URBAN ACADEMY LABORATORY HIGH SCHOOL","362058003646","No",0,NA,NA,NA,NA,NA,NA,NA,NA,NA,NA,NA,NA,NA,NA,NA,NA,NA,NA,NA,NA,"2021-2022",NA,NA,NA,NA,NA,NA,NA,NA,NA,NA,NA,NA,NA,NA,NA,NA,NA,NA,0,0,0,0,0,0,0,0,NA,NA,0,NA,NA,NA,NA,NA,NA,NA,NA,FALSE
"VA","VIRGINIA","5102340","LYNCHBURG CITY PBLC SCHS",964,"PERRYMONT ELEM","510234000964","No",NA,NA,NA,NA,NA,NA,NA,NA,NA,NA,NA,NA,NA,NA,NA,NA,NA,NA,NA,NA,NA,"2021-2022","Supplemental Virtual","Schoolwide",1850,1,NA,NA,0.187027027027027,0.212972972972973,0.00108108108108108,0.00540540540540541,0.224864864864865,0.0421621621621622,0,0.0324324324324324,0.0940540540540541,0.4,0.4,NA,0,0,0,0,0,0,0,0,NA,NA,0,NA,NA,NA,NA,NA,NA,NA,NA,TRUE
"MI","Michigan","2617250","Gull Lake Community Schools",5406,"Gull Lake High School","261725005406","No",9,5,0,0,0,1,0,0,0,2,0,57,15,2,1,67,16,0,0,7,0,"2020-2021","Supplemental Virtual","Not_TitleI",4265,NA,1,1,0.196014067995311,0.203985932004689,0.000468933177022274,0.00375146541617819,0.0154747948417351,0.0196951934349355,0,0.0159437280187573,0.344665885111372,0.4,0.4,83,72,2,5,1,0,3,7,0,0.807228915662651,0.192771084337349,83,FALSE,83,0.0240963855421687,0.867469879518072,0.0602409638554217,0.0120481927710843,0,0.036144578313253,TRUE
"DE","DELAWARE","1001240","Brandywine School District",282,"Lombardy Elementary School","100124000282","No",NA,NA,NA,NA,NA,NA,NA,NA,NA,NA,NA,NA,NA,NA,NA,NA,NA,NA,NA,NA,NA,"2021-2022","No virtual instruction","Not_TitleI",2170,1,NA,NA,NA,NA,NA,NA,0.11889400921659,NA,NA,NA,0.224884792626728,0,0.343778801843318,NA,0,0,0,0,0,0,0,0,NA,NA,0,NA,NA,NA,NA,NA,NA,NA,NA,TRUE
"NM","NEW MEXICO","3502310","RUIDOSO MUNICIPAL SCHOOLS",529,"RUIDOSO HIGH","350231000529","No",7,1,9,0,6,0,0,0,0,0,0,11,8,0,0,12,23,0,1,0,0,"2021-2022","No virtual instruction","Schoolwide",2750,NA,NA,1,NA,NA,0.0661818181818182,NA,NA,0.201454545454545,NA,NA,0.120727272727273,0,0.388363636363636,35,19,0,10,0,6,0,0,1,0.342857142857143,0.657142857142857,35,FALSE,35,0,0.542857142857143,0.285714285714286,0,0.171428571428571,0,TRUE
"TX","TEXAS","4830390","MESQUITE ISD",3407,"HANBY EL","483039003407","No",NA,NA,NA,NA,NA,NA,NA,NA,NA,NA,NA,NA,NA,NA,NA,NA,NA,NA,NA,NA,NA,"2021-2022","Missing","Schoolwide",3610,1,NA,NA,0.197783933518006,0.202216066481994,0.00720221606648199,0.00332409972299169,0.0908587257617729,0.25595567867036,0.000554016620498615,0.0110803324099723,0.0310249307479224,0.4,0.4,NA,0,0,0,0,0,0,0,0,NA,NA,0,NA,NA,NA,NA,NA,NA,NA,NA,TRUE
"TX","Texas","4841100","Spring Branch Isd",4705,"Wilchester El","484110004705","No",NA,NA,NA,NA,NA,NA,NA,NA,NA,NA,NA,NA,NA,NA,NA,NA,NA,NA,NA,NA,NA,"2020-2021","Missing","Not_TitleI",4050,1,NA,NA,0.195061728395062,0.204938271604938,0.000493827160493827,0.0434567901234568,0.00790123456790123,0.0439506172839506,0.000493827160493827,0.0128395061728395,0.290864197530864,0.4,0.4,NA,0,0,0,0,0,0,0,0,NA,NA,0,NA,NA,NA,NA,NA,NA,NA,NA,TRUE
"IA","IOWA","1913230","Griswold Comm School District",796,"Griswold Middle/High School","191323000796","No",2,0,0,0,0,0,0,0,0,0,0,10,1,0,0,10,1,0,0,3,0,"2021-2022","Supplemental Virtual","Schoolwide",1145,NA,1,1,NA,NA,NA,NA,NA,NA,NA,NA,0.370305676855895,0,0.370305676855895,11,11,0,0,0,0,0,3,0,0.909090909090909,0.0909090909090909,11,FALSE,11,0,1,0,0,0,0,TRUE
"OK","Oklahoma","4017250","Lawton",808,"Eisenhower Es","401725000808","No",NA,NA,NA,NA,NA,NA,NA,NA,NA,NA,NA,NA,NA,NA,NA,NA,NA,NA,NA,NA,NA,"2020-2021","No virtual instruction","Schoolwide",960,1,NA,NA,NA,NA,NA,NA,NA,0.0979166666666667,NA,0.104166666666667,0.116666666666667,0,0.31875,NA,0,0,0,0,0,0,0,0,NA,NA,0,NA,NA,NA,NA,NA,NA,NA,NA,TRUE
"TX","Texas","4819700","Fort Worth Isd",1850,"Diamond Hill El","481970001850","No",NA,NA,NA,NA,NA,NA,NA,NA,NA,NA,NA,NA,NA,NA,NA,NA,NA,NA,NA,NA,NA,"2020-2021","Missing","Schoolwide",2800,1,NA,NA,0.189285714285714,0.210714285714286,0.000714285714285714,0.00142857142857143,0.005,0.384285714285714,0,0.000714285714285714,0.00785714285714286,0.4,0.4,NA,0,0,0,0,0,0,0,0,NA,NA,0,NA,NA,NA,NA,NA,NA,NA,NA,TRUE
"OK","OKLAHOMA","4018840","MANNFORD",894,"MANNFORD HS","401884000894","No",0,NA,NA,NA,NA,NA,NA,NA,NA,NA,NA,NA,NA,NA,NA,NA,NA,NA,NA,NA,NA,"2021-2022","No virtual instruction","Not_TitleI",2230,NA,NA,1,NA,NA,0.0609865470852018,NA,NA,NA,NA,0.0260089686098655,0.289686098654709,0,0.376681614349776,NA,0,0,0,0,0,0,0,0,NA,NA,0,NA,NA,NA,NA,NA,NA,NA,NA,TRUE
"TX","Texas","4812480","Calhoun County Isd",752,"Travis Middle School","481248000752","No",NA,NA,NA,NA,NA,NA,NA,NA,NA,NA,NA,NA,NA,NA,NA,NA,NA,NA,NA,NA,NA,"2020-2021","Missing","Schoolwide",3610,NA,1,NA,0.189473684210526,0.210526315789474,0.000554016620498615,0.0204986149584488,0.0110803324099723,0.284210526315789,0,0.000554016620498615,0.0831024930747922,0.4,0.4,NA,0,0,0,0,0,0,0,0,NA,NA,0,NA,NA,NA,NA,NA,NA,NA,NA,TRUE
"IL","ILLINOIS","1731080","Pekin PSD 108",3233,"Edison Junior High School","173108003233","No",NA,NA,NA,NA,NA,NA,NA,NA,NA,NA,NA,NA,NA,NA,NA,NA,NA,NA,NA,NA,NA,"2021-2022","No virtual instruction","Schoolwide",1700,NA,1,NA,NA,NA,NA,NA,NA,NA,NA,0.0247058823529412,0.362352941176471,0,0.387058823529412,NA,0,0,0,0,0,0,0,0,NA,NA,0,NA,NA,NA,NA,NA,NA,NA,NA,TRUE
"NY","New York","3620580","New York City Public Schools",2070,"Ps 9","362058002070","No",0,NA,NA,NA,NA,NA,NA,NA,NA,NA,NA,NA,NA,NA,NA,NA,NA,NA,NA,NA,NA,"2020-2021",NA,NA,NA,NA,NA,NA,NA,NA,NA,NA,NA,NA,NA,NA,NA,NA,NA,NA,0,0,0,0,0,0,0,0,NA,NA,0,NA,NA,NA,NA,NA,NA,NA,NA,FALSE
"NJ","New Jersey","3418120","Woodbridge Township School District",3690,"Claremont Avenue Elementary School","341812003690","No",NA,NA,NA,NA,NA,NA,NA,NA,NA,NA,NA,NA,NA,NA,NA,NA,NA,NA,NA,NA,NA,"2020-2021","No virtual instruction","Not_TitleI",1485,1,NA,NA,NA,NA,NA,NA,NA,NA,NA,NA,NA,0,0,NA,0,0,0,0,0,0,0,0,NA,NA,0,NA,NA,NA,NA,NA,NA,NA,NA,TRUE
"MN","Minnesota","2711820","Farmington Public School District",3183,"Meadowview Elementary","271182003183","No",NA,NA,NA,NA,NA,NA,NA,NA,NA,NA,NA,NA,NA,NA,NA,NA,NA,NA,NA,NA,NA,"2020-2021","No virtual instruction","Not_TitleI",3420,1,NA,NA,NA,NA,NA,NA,NA,0.0426900584795322,NA,NA,0.290058479532164,0,0.332748538011696,NA,0,0,0,0,0,0,0,0,NA,NA,0,NA,NA,NA,NA,NA,NA,NA,NA,TRUE
"NY","New York","3605640","Bronxville Union Free School District",290,"Bronxville Elementary School","360564000290","No",NA,NA,NA,NA,NA,NA,NA,NA,NA,NA,NA,NA,NA,NA,NA,NA,NA,NA,NA,NA,NA,"2020-2021","Supplemental Virtual","Schoolwide",3320,1,NA,1,NA,NA,NA,NA,NA,NA,NA,NA,NA,0,0,NA,0,0,0,0,0,0,0,0,NA,NA,0,NA,NA,NA,NA,NA,NA,NA,NA,TRUE
"DE","DELAWARE","1001530","Seaford School District",160,"West Seaford Elementary School","100153000160","No",NA,NA,NA,NA,NA,NA,NA,NA,NA,NA,NA,NA,NA,NA,NA,NA,NA,NA,NA,NA,NA,"2021-2022","No virtual instruction","Schoolwide",1680,1,NA,NA,NA,NA,NA,NA,0.158333333333333,0.0773809523809524,NA,0.0369047619047619,0.120238095238095,0,0.392857142857143,NA,0,0,0,0,0,0,0,0,NA,NA,0,NA,NA,NA,NA,NA,NA,NA,NA,TRUE
"NY","New York","3620580","New York City Public Schools",2708,"Ps 212 Lady Deborah Moody","362058002708","No",NA,NA,NA,NA,NA,NA,NA,NA,NA,NA,NA,NA,NA,NA,NA,NA,NA,NA,NA,NA,NA,"2020-2021",NA,NA,NA,NA,NA,NA,NA,NA,NA,NA,NA,NA,NA,NA,NA,NA,NA,NA,0,0,0,0,0,0,0,0,NA,NA,0,NA,NA,NA,NA,NA,NA,NA,NA,FALSE
"NH","New Hampshire","3302480","Contoocook Valley School District",70,"Greenfield Elementary School","330248000070","No",NA,NA,NA,NA,NA,NA,NA,NA,NA,NA,NA,NA,NA,NA,NA,NA,NA,NA,NA,NA,NA,"2020-2021","No virtual instruction","Not_TitleI",430,1,NA,NA,NA,NA,NA,NA,NA,NA,NA,NA,0.376744186046512,0,0.376744186046512,NA,0,0,0,0,0,0,0,0,NA,NA,0,NA,NA,NA,NA,NA,NA,NA,NA,TRUE
"UT","Utah","4900210","Davis District",128,"Layton High","490021000128","No",9,20,12,0,0,1,0,1,1,2,0,121,49,7,2,152,64,7,7,20,8,"2020-2021","Not reported","Mixed",10050,NA,NA,1,NA,NA,NA,0.00238805970149254,0.00437810945273632,0.0467661691542289,0.00616915422885572,0.0127363184079602,0.326965174129353,0,0.399402985074627,216,170,2,32,1,0,9,28,14,0.703703703703704,0.296296296296296,214,FALSE,214,0.00934579439252336,0.794392523364486,0.149532710280374,0.00467289719626168,0,0.0420560747663551,TRUE
"OK","OKLAHOMA","4000800","EPIC BLENDED LEARNING CHARTER",2867,"EPIC BLENDED CHARTER OKC MS","400080002867","No",NA,NA,NA,NA,NA,NA,NA,NA,NA,NA,NA,NA,NA,NA,NA,NA,NA,NA,NA,NA,NA,"2021-2022","Primarily virtual","Schoolwide",9290,NA,1,NA,NA,NA,0.00839612486544672,NA,0.0751345532831001,0.0738428417653391,NA,0.0759956942949408,0.164908503767492,0,0.398277717976319,NA,0,0,0,0,0,0,0,0,NA,NA,0,NA,NA,NA,NA,NA,NA,NA,NA,TRUE
"LA","LOUISIANA","2200840","Jefferson Parish",583,"Alice Birney Elementary School","220084000583","No",NA,NA,NA,NA,NA,NA,NA,NA,NA,NA,NA,NA,NA,NA,NA,NA,NA,NA,NA,NA,NA,"2021-2022","No virtual instruction","Schoolwide",2655,1,NA,NA,NA,NA,NA,NA,0.055743879472693,0.258380414312618,NA,NA,0.0512241054613936,0,0.365348399246704,NA,0,0,0,0,0,0,0,0,NA,NA,0,NA,NA,NA,NA,NA,NA,NA,NA,TRUE
"AL","Alabama","0102100","Limestone County",810,"West Limestone High School","010210000810","No",0,NA,NA,NA,NA,NA,NA,NA,NA,NA,NA,NA,NA,NA,NA,NA,NA,NA,NA,NA,NA,"2020-2021","No virtual instruction","Targeted",3875,NA,1,1,0.192516129032258,0.207483870967742,0.00206451612903226,0.00154838709677419,0.0123870967741935,0.056258064516129,0,0.00619354838709677,0.321548387096774,0.4,0.4,NA,0,0,0,0,0,0,0,0,NA,NA,0,NA,NA,NA,NA,NA,NA,NA,NA,TRUE
"TX","Texas","4801410","Bob Hope School",13465,"Bob Hope School - El Campus","480141013465","No",NA,NA,NA,NA,NA,NA,NA,NA,NA,NA,NA,NA,NA,NA,NA,NA,NA,NA,NA,NA,NA,"2020-2021","Missing","Schoolwide",3835,1,NA,NA,0.211212516297262,0.188787483702738,0.00104302477183833,0.000521512385919166,0.0208604954367666,0.374445893089961,0,0.000521512385919166,0.00260756192959583,0.4,0.4,NA,0,0,0,0,0,0,0,0,NA,NA,0,NA,NA,NA,NA,NA,NA,NA,NA,TRUE
"WA","WASHINGTON","5309240","Valley School District",1555,"Valley School","530924001555","No",NA,NA,NA,NA,NA,NA,NA,NA,NA,NA,NA,NA,NA,NA,NA,NA,NA,NA,NA,NA,NA,"2021-2022","No virtual instruction","Schoolwide",935,1,1,NA,NA,NA,NA,NA,NA,NA,NA,NA,0.327272727272727,0,0.327272727272727,NA,0,0,0,0,0,0,0,0,NA,NA,0,NA,NA,NA,NA,NA,NA,NA,NA,TRUE
"SC","South Carolina","4502820","Lexington 05",753,"Chapin Elementary","450282000753","No",NA,NA,NA,NA,NA,NA,NA,NA,NA,NA,NA,NA,NA,NA,NA,NA,NA,NA,NA,NA,NA,"2020-2021","Supplemental Virtual","Not_TitleI",4315,1,NA,NA,0.194669756662804,0.205330243337196,0.000463499420625724,0.00602549246813442,0.0190034762456547,0.0292004634994206,0.000463499420625724,0.0245654692931634,0.320278099652375,0.4,0.4,NA,0,0,0,0,0,0,0,0,NA,NA,0,NA,NA,NA,NA,NA,NA,NA,NA,TRUE
"VA","VIRGINIA","5103840","VA BEACH CITY PBLC SCHS",2979,"BAYSIDE 6TH GRADE CAMPUS","510384002979","No",NA,NA,NA,NA,NA,NA,NA,NA,NA,NA,NA,NA,NA,NA,NA,NA,NA,NA,NA,NA,NA,"2021-2022","Supplemental Virtual","Schoolwide",1740,NA,1,NA,0.196551724137931,0.203448275862069,0,0.0195402298850575,0.225287356321839,0.0632183908045977,0,0.0390804597701149,0.0528735632183908,0.4,0.4,NA,0,0,0,0,0,0,0,0,NA,NA,0,NA,NA,NA,NA,NA,NA,NA,NA,TRUE
"WI","Wisconsin","5501170","Birchwood School District",2800,"Birchwood Blue Hills Charter School","550117002800","No",0,NA,NA,NA,NA,NA,NA,NA,NA,NA,NA,NA,NA,NA,NA,NA,NA,NA,NA,NA,NA,"2020-2021","Supplemental Virtual","Targeted",25,NA,1,1,NA,NA,NA,NA,NA,NA,NA,NA,NA,0,0,NA,0,0,0,0,0,0,0,0,NA,NA,0,NA,NA,NA,NA,NA,NA,NA,NA,TRUE
"GA","GEORGIA","1301170","Clarke County",454,"Oglethorpe Avenue Elementary School","130117000454","No",NA,NA,NA,NA,NA,NA,NA,NA,NA,NA,NA,NA,NA,NA,NA,NA,NA,NA,NA,NA,NA,"2021-2022","No virtual instruction","Schoolwide",3000,1,NA,NA,0.2,0.2,0,0.00133333333333333,0.155333333333333,0.133333333333333,0.000666666666666667,0.0173333333333333,0.092,0.4,0.4,NA,0,0,0,0,0,0,0,0,NA,NA,0,NA,NA,NA,NA,NA,NA,NA,NA,TRUE
"NY","New York","3623430","Port Byron Central School District",3272,"Port Byron Senior High School","362343003272","No",1,0,0,0,0,0,0,0,0,0,0,12,7,0,0,12,7,0,0,3,1,"2020-2021","Supplemental Virtual","Not_TitleI",1810,NA,1,1,NA,NA,NA,NA,NA,NA,NA,NA,0.373480662983425,0,0.373480662983425,19,19,0,0,0,0,0,4,0,0.631578947368421,0.368421052631579,19,FALSE,19,0,1,0,0,0,0,TRUE
"TX","TEXAS","4843650","UNITED ISD",7146,"WASHINGTON MIDDLE SCHOOL","484365007146","No",NA,NA,NA,NA,NA,NA,NA,NA,NA,NA,NA,NA,NA,NA,NA,NA,NA,NA,NA,NA,NA,"2021-2022","Missing","Schoolwide",5790,NA,1,NA,0.202763385146805,0.197236614853195,0.000345423143350604,0.000690846286701209,0.000690846286701209,0.393436960276339,0,0.000690846286701209,0.00414507772020725,0.4,0.4,NA,0,0,0,0,0,0,0,0,NA,NA,0,NA,NA,NA,NA,NA,NA,NA,NA,TRUE
"IN","INDIANA","1801020","Brownsburg Community School Corp",994,"Brown Elementary School","180102000994","No",NA,NA,NA,NA,NA,NA,NA,NA,NA,NA,NA,NA,NA,NA,NA,NA,NA,NA,NA,NA,NA,"2021-2022","No virtual instruction","Not_TitleI",3370,1,NA,NA,NA,NA,NA,NA,0.0795252225519288,0.0308605341246291,NA,0.0225519287833828,0.257566765578635,0,0.390504451038576,NA,0,0,0,0,0,0,0,0,NA,NA,0,NA,NA,NA,NA,NA,NA,NA,NA,TRUE
"NY","NEW YORK","3620580","NEW YORK CITY PUBLIC SCHOOLS",2715,"PS 216 ARTURO TOSCANINI","362058002715","No",NA,NA,NA,NA,NA,NA,NA,NA,NA,NA,NA,NA,NA,NA,NA,NA,NA,NA,NA,NA,NA,"2021-2022",NA,NA,NA,NA,NA,NA,NA,NA,NA,NA,NA,NA,NA,NA,NA,NA,NA,NA,0,0,0,0,0,0,0,0,NA,NA,0,NA,NA,NA,NA,NA,NA,NA,NA,FALSE
"ID","Idaho","1600930","Bonneville Joint District",361,"Lincoln High School","160093000361","No",0,NA,NA,NA,NA,NA,NA,NA,NA,NA,NA,NA,NA,NA,NA,NA,NA,NA,NA,NA,NA,"2020-2021","No virtual instruction","Schoolwide",595,NA,1,1,0.181512605042017,0.218487394957983,0.00336134453781513,0,0.00672268907563025,0.13781512605042,0,0.0100840336134454,0.242016806722689,0.4,0.4,NA,0,0,0,0,0,0,0,0,NA,NA,0,NA,NA,NA,NA,NA,NA,NA,NA,TRUE
"GA","GEORGIA","1301740","DeKalb County",718,"Pleasantdale Elementary School","130174000718","No",NA,NA,NA,NA,NA,NA,NA,NA,NA,NA,NA,NA,NA,NA,NA,NA,NA,NA,NA,NA,NA,"2021-2022","No virtual instruction","Schoolwide",3185,1,NA,NA,0.197174254317111,0.202825745682889,0.00313971742543171,0.00690737833594976,0.1287284144427,0.237362637362637,0.000627943485086342,0.0106750392464678,0.0125588697017268,0.4,0.4,NA,0,0,0,0,0,0,0,0,NA,NA,0,NA,NA,NA,NA,NA,NA,NA,NA,TRUE
"NY","New York","3629850","Wantagh Union Free School District",4007,"Forest Lake School","362985004007","No",NA,NA,NA,NA,NA,NA,NA,NA,NA,NA,NA,NA,NA,NA,NA,NA,NA,NA,NA,NA,NA,"2020-2021","Supplemental Virtual","Not_TitleI",1810,1,NA,NA,NA,NA,NA,NA,NA,NA,NA,NA,0.320441988950276,0,0.320441988950276,NA,0,0,0,0,0,0,0,0,NA,NA,0,NA,NA,NA,NA,NA,NA,NA,NA,TRUE
"NV","NEVADA","3200330","MINERAL COUNTY SCHOOL DISTRICT",811,"Hawthorne Elementary","320033000811","No",NA,NA,NA,NA,NA,NA,NA,NA,NA,NA,NA,NA,NA,NA,NA,NA,NA,NA,NA,NA,NA,"2021-2022","No virtual instruction","Schoolwide",1545,1,1,NA,0.203236245954693,0.196763754045307,0.0142394822006473,0.00388349514563107,0.00776699029126214,0.0673139158576052,0.00129449838187702,0.0388349514563107,0.266666666666667,0.4,0.4,NA,0,0,0,0,0,0,0,0,NA,NA,0,NA,NA,NA,NA,NA,NA,NA,NA,TRUE
"IN","Indiana","1800043","Rural Community Schools Inc",2138,"Rural Community Academy","180004302138","No",NA,NA,NA,NA,NA,NA,NA,NA,NA,NA,NA,NA,NA,NA,NA,NA,NA,NA,NA,NA,NA,"2020-2021","No virtual instruction","Targeted",475,1,1,NA,NA,NA,NA,NA,NA,NA,NA,NA,0.387368421052632,0,0.387368421052632,NA,0,0,0,0,0,0,0,0,NA,NA,0,NA,NA,NA,NA,NA,NA,NA,NA,TRUE
"MO","MISSOURI","2908400","CENTRALIA R-VI",3092,"CENTRALIA INTERMEDIATE","290840003092","No",NA,NA,NA,NA,NA,NA,NA,NA,NA,NA,NA,NA,NA,NA,NA,NA,NA,NA,NA,NA,NA,"2021-2022","No virtual instruction","Schoolwide",1530,1,NA,NA,NA,NA,NA,NA,NA,NA,NA,NA,0.363398692810458,0,0.363398692810458,NA,0,0,0,0,0,0,0,0,NA,NA,0,NA,NA,NA,NA,NA,NA,NA,NA,TRUE
"FL","FLORIDA","1200480","DUVAL",8874,"CORNERSTONE CLASSICAL ACADEMY","120048008874","No",NA,NA,NA,NA,NA,NA,NA,NA,NA,NA,NA,NA,NA,NA,NA,NA,NA,NA,NA,NA,NA,"2021-2022","No virtual instruction","Not_TitleI",3225,1,1,1,0.202170542635659,0.197829457364341,0.00062015503875969,0.00930232558139535,0.0210852713178295,0.0316279069767442,0,0.0223255813953488,0.315038759689922,0.4,0.4,NA,0,0,0,0,0,0,0,0,NA,NA,0,NA,NA,NA,NA,NA,NA,NA,NA,TRUE
"CA","California","0607200","Campbell Union",667,"Forest Hill Elementary","060720000667","No",NA,NA,NA,NA,NA,NA,NA,NA,NA,NA,NA,NA,NA,NA,NA,NA,NA,NA,NA,NA,NA,"2020-2021","Not reported","Mixed",2750,1,NA,NA,NA,NA,NA,0.186909090909091,NA,0.0567272727272727,NA,0.0421818181818182,0.0989090909090909,0,0.384727272727273,NA,0,0,0,0,0,0,0,0,NA,NA,0,NA,NA,NA,NA,NA,NA,NA,NA,TRUE
"IN","INDIANA","1812390","Warrick County School Corp",1981,"John H Castle Elementary School","181239001981","No",NA,NA,NA,NA,NA,NA,NA,NA,NA,NA,NA,NA,NA,NA,NA,NA,NA,NA,NA,NA,NA,"2021-2022","No virtual instruction","Not_TitleI",4870,1,NA,NA,NA,NA,NA,0.0386036960985626,NA,0.0217659137577002,NA,0.0168377823408624,0.316632443531828,0,0.393839835728953,NA,0,0,0,0,0,0,0,0,NA,NA,0,NA,NA,NA,NA,NA,NA,NA,NA,TRUE
"FL","Florida","1200180","Broward",8888,"Bridgeprep Academy Of Broward K-8","120018008888","No",NA,NA,NA,NA,NA,NA,NA,NA,NA,NA,NA,NA,NA,NA,NA,NA,NA,NA,NA,NA,NA,"2020-2021","No virtual instruction","Not_TitleI",110,1,1,NA,0.290909090909091,0.109090909090909,0,0.0363636363636364,0.109090909090909,0.163636363636364,0.0181818181818182,0.0363636363636364,0.0363636363636364,0.4,0.4,NA,0,0,0,0,0,0,0,0,NA,NA,0,NA,NA,NA,NA,NA,NA,NA,NA,TRUE
"FL","Florida","1200180","Broward",143,"Oakland Park Elementary School","120018000143","No",NA,NA,NA,NA,NA,NA,NA,NA,NA,NA,NA,NA,NA,NA,NA,NA,NA,NA,NA,NA,NA,"2020-2021","No virtual instruction","Schoolwide",2745,1,NA,NA,0.189435336976321,0.210564663023679,0,0.00145719489981785,0.157377049180328,0.213479052823315,0,0.00947176684881603,0.0182149362477231,0.4,0.4,NA,0,0,0,0,0,0,0,0,NA,NA,0,NA,NA,NA,NA,NA,NA,NA,NA,TRUE
"OH","OHIO","3904384","Dayton City",782,"Thurgood Marshall High School","390438400782","No",0,NA,NA,NA,NA,NA,NA,NA,NA,NA,NA,NA,NA,NA,NA,NA,NA,NA,NA,NA,NA,"2021-2022","No virtual instruction","Schoolwide",2780,NA,NA,1,0.180575539568345,0.219424460431655,0.000719424460431655,0.000719424460431655,0.339568345323741,0.0122302158273381,0,0.0179856115107914,0.0287769784172662,0.4,0.4,NA,0,0,0,0,0,0,0,0,NA,NA,0,NA,NA,NA,NA,NA,NA,NA,NA,TRUE
"WY","WYOMING","5603170","Big Horn County School District #3",176,"Greybull Elementary","560317000176","No",NA,NA,NA,NA,NA,NA,NA,NA,NA,NA,NA,NA,NA,NA,NA,NA,NA,NA,NA,NA,NA,"2021-2022","No virtual instruction","Schoolwide",1100,1,NA,NA,0.183636363636364,0.216363636363636,0,0.00181818181818182,0,0.0618181818181818,0,0.02,0.316363636363636,0.4,0.4,NA,0,0,0,0,0,0,0,0,NA,NA,0,NA,NA,NA,NA,NA,NA,NA,NA,TRUE
"CA","CALIFORNIA","0641160","Visalia Unified",11823,"Visalia Charter Independent Study","064116011823","No",1,3,1,0,0,0,0,0,0,0,0,4,3,0,0,7,4,0,0,0,0,"2021-2022","Not reported","Mixed",3010,NA,1,1,NA,NA,NA,NA,NA,0.267109634551495,NA,NA,0.0910299003322259,0,0.358139534883721,11,7,0,4,0,0,0,0,0,0.636363636363636,0.363636363636364,11,FALSE,11,0,0.636363636363636,0.363636363636364,0,0,0,TRUE
"CO","Colorado","0802910","Cherry Creek School District No. 5 In The County Of Arapah",1878,"Sky Vista Middle School","080291001878","No",NA,NA,NA,NA,NA,NA,NA,NA,NA,NA,NA,NA,NA,NA,NA,NA,NA,NA,NA,NA,NA,"2020-2021","No virtual instruction","Not_TitleI",4540,NA,1,NA,NA,NA,NA,0.0352422907488987,0.0563876651982379,0.0788546255506608,NA,0.0444933920704846,0.184581497797357,0,0.399559471365639,NA,0,0,0,0,0,0,0,0,NA,NA,0,NA,NA,NA,NA,NA,NA,NA,NA,TRUE
"ID","IDAHO","1600360","BOISE INDEPENDENT DISTRICT",1004,"HIDDEN SPRINGS ELEMENTARY SCHOOL","160036001004","No",NA,NA,NA,NA,NA,NA,NA,NA,NA,NA,NA,NA,NA,NA,NA,NA,NA,NA,NA,NA,NA,"2021-2022","No virtual instruction","Not_TitleI",1370,1,1,NA,0.202919708029197,0.197080291970803,0.00145985401459854,0,0.0102189781021898,0.0131386861313869,0,0.0248175182481752,0.35036496350365,0.4,0.4,NA,0,0,0,0,0,0,0,0,NA,NA,0,NA,NA,NA,NA,NA,NA,NA,NA,TRUE
"NJ","New Jersey","3407740","Jackson Township School District",463,"Crawford-Rodriguez Elementary School","340774000463","No",NA,NA,NA,NA,NA,NA,NA,NA,NA,NA,NA,NA,NA,NA,NA,NA,NA,NA,NA,NA,NA,"2020-2021","No virtual instruction","Targeted",2735,1,NA,NA,NA,NA,NA,NA,NA,NA,NA,NA,0.257404021937843,0,0.257404021937843,NA,0,0,0,0,0,0,0,0,NA,NA,0,NA,NA,NA,NA,NA,NA,NA,NA,TRUE
"MN","MINNESOTA","2700327","SOUTHERN MN EDUCATION CONSORTIUM",5013,"Success East","270032705013","No",0,NA,NA,NA,NA,NA,NA,NA,NA,NA,NA,NA,NA,NA,NA,NA,NA,NA,NA,NA,NA,"2021-2022","No virtual instruction","Not_TitleI",80,1,1,1,NA,NA,NA,NA,NA,NA,NA,NA,NA,0,0,NA,0,0,0,0,0,0,0,0,NA,NA,0,NA,NA,NA,NA,NA,NA,NA,NA,TRUE
"NC","NORTH CAROLINA","3704050","Rowan-Salisbury Schools",1621,"Knollwood Elementary School","370405001621","No",NA,NA,NA,NA,NA,NA,NA,NA,NA,NA,NA,NA,NA,NA,NA,NA,NA,NA,NA,NA,NA,"2021-2022","No virtual instruction","Schoolwide",2555,1,NA,NA,NA,NA,NA,NA,0.0493150684931507,0.24187866927593,NA,NA,0.0814090019569472,0,0.372602739726027,NA,0,0,0,0,0,0,0,0,NA,NA,0,NA,NA,NA,NA,NA,NA,NA,NA,TRUE
"WI","WISCONSIN","5515810","Waunakee Community School District",2869,"Waunakee Community 4K School","551581002869","No",NA,NA,NA,NA,NA,NA,NA,NA,NA,NA,NA,NA,NA,NA,NA,NA,NA,NA,NA,NA,NA,"2021-2022","Supplemental Virtual","Not_TitleI",1350,1,NA,NA,NA,NA,NA,0.00592592592592593,NA,0.0385185185185185,NA,0.0162962962962963,0.333333333333333,0,0.394074074074074,NA,0,0,0,0,0,0,0,0,NA,NA,0,NA,NA,NA,NA,NA,NA,NA,NA,TRUE
"TX","Texas","4827030","Leander Isd",12218,"Parkside El","482703012218","No",NA,NA,NA,NA,NA,NA,NA,NA,NA,NA,NA,NA,NA,NA,NA,NA,NA,NA,NA,NA,NA,"2020-2021","Missing","Not_TitleI",4705,1,NA,NA,0.19596174282678,0.20403825717322,0.00170031880977683,0.136875664187035,0.00765143464399575,0.0420828905419766,0.000425079702444208,0.020403825717322,0.19086078639745,0.4,0.4,NA,0,0,0,0,0,0,0,0,NA,NA,0,NA,NA,NA,NA,NA,NA,NA,NA,TRUE
"AZ","Arizona","0400274","Aibt Non-Profit Charter High School - Phoenix (79053)",2020,"Career And College Prep","040027402020","No",0,NA,NA,NA,NA,NA,NA,NA,NA,NA,NA,NA,NA,NA,NA,NA,NA,NA,NA,NA,NA,"2020-2021","No virtual instruction","Schoolwide",465,NA,1,1,0.189247311827957,0.210752688172043,0,0.00860215053763441,0.0344086021505376,0.331182795698925,0,0,0.0258064516129032,0.4,0.4,NA,0,0,0,0,0,0,0,0,NA,NA,0,NA,NA,NA,NA,NA,NA,NA,NA,TRUE
"NJ","New Jersey","3409330","Mahwah Township Public School District",596,"George Washington School","340933000596","No",NA,NA,NA,NA,NA,NA,NA,NA,NA,NA,NA,NA,NA,NA,NA,NA,NA,NA,NA,NA,NA,"2020-2021","No virtual instruction","Not_TitleI",945,1,NA,NA,NA,NA,NA,NA,NA,NA,NA,NA,0.277248677248677,0,0.277248677248677,NA,0,0,0,0,0,0,0,0,NA,NA,0,NA,NA,NA,NA,NA,NA,NA,NA,TRUE
"TX","Texas","4815000","Conroe Isd",1002,"Conroe H S","481500001002","No",11,45,36,0,0,12,9,0,0,9,8,58,41,7,2,131,96,6,2,3,0,"2020-2021","Missing","Schoolwide",22145,NA,NA,1,0.197516369383608,0.202483630616392,0.00171596297132536,0.00803793181305035,0.0436215850079025,0.224068638518853,0.000180627681192143,0.00812824565364642,0.11424700835403,0.4,0.4,227,99,17,81,21,0,9,3,8,0.577092511013216,0.422907488986784,227,FALSE,227,0.0748898678414097,0.436123348017621,0.356828193832599,0.092511013215859,0,0.039647577092511,TRUE
"MN","MINNESOTA","2731780","ROBBINSDALE PUBLIC SCHOOL DISTRICT",1339,"ZACHARY LANE ELEMENTARY","273178001339","No",NA,NA,NA,NA,NA,NA,NA,NA,NA,NA,NA,NA,NA,NA,NA,NA,NA,NA,NA,NA,NA,"2021-2022","No virtual instruction","Targeted",1915,1,NA,NA,NA,NA,NA,NA,0.0469973890339426,0.025065274151436,NA,0.0375979112271541,0.276762402088773,0,0.386422976501305,NA,0,0,0,0,0,0,0,0,NA,NA,0,NA,NA,NA,NA,NA,NA,NA,NA,TRUE
"NJ","NEW JERSEY","3401260","Bayonne School District",2718,"Lincoln Community School #5","340126002718","No",NA,NA,NA,NA,NA,NA,NA,NA,NA,NA,NA,NA,NA,NA,NA,NA,NA,NA,NA,NA,NA,"2021-2022","No virtual instruction","Schoolwide",2310,1,1,NA,NA,NA,NA,NA,NA,0.123809523809524,NA,NA,0.163636363636364,0,0.287445887445887,NA,0,0,0,0,0,0,0,0,NA,NA,0,NA,NA,NA,NA,NA,NA,NA,NA,TRUE
"MO","MISSOURI","2930570","UNION R-XI",2098,"CENTRAL ELEM.","293057002098","No",NA,NA,NA,NA,NA,NA,NA,NA,NA,NA,NA,NA,NA,NA,NA,NA,NA,NA,NA,NA,NA,"2021-2022","No virtual instruction","Schoolwide",3250,1,NA,NA,NA,NA,NA,NA,NA,NA,NA,0.0227692307692308,0.357538461538462,0,0.380307692307692,NA,0,0,0,0,0,0,0,0,NA,NA,0,NA,NA,NA,NA,NA,NA,NA,NA,TRUE
"TX","Texas","4835490","Post Isd",4026,"Post H S","483549004026","No",0,NA,NA,NA,NA,NA,NA,NA,NA,NA,NA,NA,NA,NA,NA,NA,NA,NA,NA,NA,NA,"2020-2021","Missing","Schoolwide",1025,NA,NA,1,0.204878048780488,0.195121951219512,0.00390243902439024,0,0.0136585365853659,0.23609756097561,0,0.00390243902439024,0.142439024390244,0.4,0.4,NA,0,0,0,0,0,0,0,0,NA,NA,0,NA,NA,NA,NA,NA,NA,NA,NA,TRUE
"MS","Mississippi","2803690","Pontotoc City Schools",706,"Pontotoc High School","280369000706","No",3,7,2,0,0,0,1,0,0,10,6,14,9,0,0,31,18,1,0,2,2,"2020-2021","No virtual instruction","Schoolwide",3185,NA,NA,1,NA,NA,NA,NA,0.12182103610675,NA,NA,NA,0.21978021978022,0,0.34160125588697,49,23,16,9,1,0,0,4,1,0.63265306122449,0.36734693877551,49,FALSE,49,0.326530612244898,0.469387755102041,0.183673469387755,0.0204081632653061,0,0,TRUE
"VA","Virginia","5100480","Brunswick Co Pblc Schs",183,"Brunswick High","510048000183","No",12,3,2,0,0,0,1,0,0,71,48,8,2,0,0,82,53,0,0,17,4,"2020-2021","Supplemental Virtual","Schoolwide",2280,NA,NA,1,0.179824561403509,0.220175438596491,0.00087719298245614,0.00175438596491228,0.320175438596491,0.012280701754386,0.00087719298245614,0.00263157894736842,0.0614035087719298,0.4,0.4,135,10,119,5,1,0,0,21,0,0.607407407407407,0.392592592592593,135,FALSE,135,0.881481481481482,0.0740740740740741,0.037037037037037,0.00740740740740741,0,0,TRUE
"DE","DELAWARE","1000200","Christina School District",227,"Pyle (Sarah) Academy","100020000227","No",2,0,0,0,0,0,0,0,0,1,0,1,0,0,0,2,0,3,0,1,0,"2021-2022","No virtual instruction","Not_TitleI",0,NA,NA,NA,NA,NA,NA,NA,NA,NA,NA,NA,NA,NA,NA,2,1,1,0,0,0,0,1,3,1,0,2,FALSE,2,0.5,0.5,0,0,0,0,TRUE
"TX","Texas","4820280","Galveston Isd",1999,"Central Middle","482028001999","No",NA,NA,NA,NA,NA,NA,NA,NA,NA,NA,NA,NA,NA,NA,NA,NA,NA,NA,NA,NA,NA,"2020-2021","Missing","Schoolwide",2915,1,1,NA,0.205831903945111,0.194168096054888,0.00205831903945111,0.00137221269296741,0.15917667238422,0.168096054888508,0,0.00548885077186964,0.0638078902229846,0.4,0.4,NA,0,0,0,0,0,0,0,0,NA,NA,0,NA,NA,NA,NA,NA,NA,NA,NA,TRUE
"MD","Maryland","2400510","Prince George's County Public Schools",1113,"North Forestville Elementary","240051001113","No",NA,NA,NA,NA,NA,NA,NA,NA,NA,NA,NA,NA,NA,NA,NA,NA,NA,NA,NA,NA,NA,"2020-2021","Supplemental Virtual","Schoolwide",1265,1,NA,NA,NA,NA,NA,NA,NA,NA,NA,NA,NA,0,0,NA,0,0,0,0,0,0,0,0,NA,NA,0,NA,NA,NA,NA,NA,NA,NA,NA,TRUE
"KY","KENTUCKY","2103210","Laurel County",1483,"Cold Hill Elementary School","210321001483","No",NA,NA,NA,NA,NA,NA,NA,NA,NA,NA,NA,NA,NA,NA,NA,NA,NA,NA,NA,NA,NA,"2021-2022","No virtual instruction","Schoolwide",1425,1,NA,NA,0.179649122807018,0.220350877192982,0,0.00842105263157895,0.00280701754385965,0.00701754385964912,0,0.00842105263157895,0.373333333333333,0.4,0.4,NA,0,0,0,0,0,0,0,0,NA,NA,0,NA,NA,NA,NA,NA,NA,NA,NA,TRUE
"WI","WISCONSIN","5504260","Elkhart Lake-Glenbeulah School District",455,"Elkhart Lake Elementary/Middle","550426000455","No",NA,NA,NA,NA,NA,NA,NA,NA,NA,NA,NA,NA,NA,NA,NA,NA,NA,NA,NA,NA,NA,"2021-2022","Supplemental Virtual","Targeted",1615,1,1,NA,NA,NA,NA,NA,NA,NA,NA,NA,0.362848297213622,0,0.362848297213622,NA,0,0,0,0,0,0,0,0,NA,NA,0,NA,NA,NA,NA,NA,NA,NA,NA,TRUE
"MD","MARYLAND","2400480","Montgomery County Public Schools",913,"Rolling Terrace Elementary","240048000913","No",NA,NA,NA,NA,NA,NA,NA,NA,NA,NA,NA,NA,NA,NA,NA,NA,NA,NA,NA,NA,NA,"2021-2022","Supplemental Virtual","Schoolwide",3590,1,NA,NA,NA,NA,NA,NA,0.0657381615598886,0.298607242339833,NA,NA,NA,0,0.364345403899721,NA,0,0,0,0,0,0,0,0,NA,NA,0,NA,NA,NA,NA,NA,NA,NA,NA,TRUE
"TX","TEXAS","4816230","DALLAS ISD",1382,"MARTIN WEISS EL","481623001382","No",NA,NA,NA,NA,NA,NA,NA,NA,NA,NA,NA,NA,NA,NA,NA,NA,NA,NA,NA,NA,NA,"2021-2022","Missing","Schoolwide",2235,1,NA,NA,0.1834451901566,0.2165548098434,0.00357941834451902,0,0.0868008948545861,0.296196868008949,0,0.00357941834451902,0.00984340044742729,0.4,0.4,NA,0,0,0,0,0,0,0,0,NA,NA,0,NA,NA,NA,NA,NA,NA,NA,NA,TRUE
"NJ","New Jersey","3404110","East Brunswick Township School District",3310,"Memorial Elementary School","340411003310","No",NA,NA,NA,NA,NA,NA,NA,NA,NA,NA,NA,NA,NA,NA,NA,NA,NA,NA,NA,NA,NA,"2020-2021","No virtual instruction","Targeted",2635,1,NA,NA,NA,NA,NA,0.119165085388994,NA,NA,NA,NA,NA,0,0.119165085388994,NA,0,0,0,0,0,0,0,0,NA,NA,0,NA,NA,NA,NA,NA,NA,NA,NA,TRUE
"PA","Pennsylvania","4205070","Carmichaels Area Sd",7550,"Carmichaels Area Ms","420507007550","No",NA,NA,NA,NA,NA,NA,NA,NA,NA,NA,NA,NA,NA,NA,NA,NA,NA,NA,NA,NA,NA,"2020-2021","Supplemental Virtual","Schoolwide",1120,NA,1,1,0.189285714285714,0.210714285714286,0.00178571428571429,0.00178571428571429,0.00357142857142857,0,0,0.00892857142857143,0.383928571428571,0.4,0.4,NA,0,0,0,0,0,0,0,0,NA,NA,0,NA,NA,NA,NA,NA,NA,NA,NA,TRUE
"ME","MAINE","2314160","RSU 52/MSAD 52",27,"Turner Primary School","231416000027","No",NA,NA,NA,NA,NA,NA,NA,NA,NA,NA,NA,NA,NA,NA,NA,NA,NA,NA,NA,NA,NA,"2021-2022","No virtual instruction","Not_TitleI",1395,1,NA,NA,NA,NA,NA,NA,NA,NA,NA,NA,0.361290322580645,0,0.361290322580645,NA,0,0,0,0,0,0,0,0,NA,NA,0,NA,NA,NA,NA,NA,NA,NA,NA,TRUE
"MN","Minnesota","2703690","Barnum Public School District",171,"Barnum Elementary","270369000171","No",NA,NA,NA,NA,NA,NA,NA,NA,NA,NA,NA,NA,NA,NA,NA,NA,NA,NA,NA,NA,NA,"2020-2021","No virtual instruction","Not_TitleI",1755,1,1,NA,NA,NA,NA,NA,NA,NA,NA,NA,0.346438746438746,0,0.346438746438746,NA,0,0,0,0,0,0,0,0,NA,NA,0,NA,NA,NA,NA,NA,NA,NA,NA,TRUE
"KS","Kansas","2010290","Osborne County",882,"Osborne Junior/Senior High","201029000882","No",0,NA,NA,NA,NA,NA,NA,NA,NA,NA,NA,NA,NA,NA,NA,NA,NA,NA,NA,NA,NA,"2020-2021","No virtual instruction","Targeted",625,NA,1,1,NA,NA,NA,NA,NA,NA,NA,NA,0.3904,0,0.3904,NA,0,0,0,0,0,0,0,0,NA,NA,0,NA,NA,NA,NA,NA,NA,NA,NA,TRUE
"NY","NEW YORK","3601214","HELLENIC CLASSICAL CHARTER SCHOOL - STATEN ISLAND",6686,"HELLENIC CLASSICAL CHARTER SCHOOL - STATEN ISLAND","360121406686","No",NA,NA,NA,NA,NA,NA,NA,NA,NA,NA,NA,NA,NA,NA,NA,NA,NA,NA,NA,NA,NA,"2021-2022","No virtual instruction","Targeted",1230,1,NA,NA,NA,NA,NA,NA,NA,NA,NA,NA,NA,0,0,NA,0,0,0,0,0,0,0,0,NA,NA,0,NA,NA,NA,NA,NA,NA,NA,NA,TRUE
"MA","Massachusetts","2507020","Lowell",1954,"Bartlett Community Partnership","250702001954","No",NA,NA,NA,NA,NA,NA,NA,NA,NA,NA,NA,NA,NA,NA,NA,NA,NA,NA,NA,NA,NA,"2020-2021","Supplemental Virtual","Schoolwide",2370,1,1,NA,NA,NA,NA,0.158649789029536,NA,NA,NA,NA,0.0573839662447257,0,0.216033755274262,NA,0,0,0,0,0,0,0,0,NA,NA,0,NA,NA,NA,NA,NA,NA,NA,NA,TRUE
"GA","Georgia","1302820","Henry County",2130,"Eagle's Landing High School","130282002130","No",11,9,6,0,0,6,2,0,0,72,26,5,1,1,1,93,36,0,0,8,2,"2020-2021","No virtual instruction","Not_TitleI",7550,NA,NA,1,0.200794701986755,0.199205298013245,0.00105960264900662,0.0148344370860927,0.301986754966887,0.0445033112582781,0,0.0132450331125828,0.0243708609271523,0.4,0.4,129,6,98,15,8,0,2,10,0,0.720930232558139,0.27906976744186,129,FALSE,129,0.75968992248062,0.0465116279069767,0.116279069767442,0.062015503875969,0,0.0155038759689922,TRUE
"MN","MINNESOTA","2706300","BROWERVILLE PUBLIC SCHOOL DISTRICT",278,"BROWERVILLE SECONDARY","270630000278","No",0,NA,NA,NA,NA,NA,NA,NA,NA,NA,NA,NA,NA,NA,NA,NA,NA,NA,NA,NA,NA,"2021-2022","No virtual instruction","Schoolwide",1395,NA,1,1,NA,NA,NA,NA,NA,NA,NA,NA,0.361290322580645,0,0.361290322580645,NA,0,0,0,0,0,0,0,0,NA,NA,0,NA,NA,NA,NA,NA,NA,NA,NA,TRUE
"MT","Montana","3004560","Bozeman Elem",165,"Sacajawea Middle School","300456000165","No",NA,NA,NA,NA,NA,NA,NA,NA,NA,NA,NA,NA,NA,NA,NA,NA,NA,NA,NA,NA,NA,"2020-2021","No virtual instruction","Targeted",4150,NA,1,NA,0.206265060240964,0.193734939759036,0.00674698795180723,0.00674698795180723,0.00240963855421687,0.0313253012048193,0.000481927710843373,0.0202409638554217,0.332048192771084,0.4,0.4,NA,0,0,0,0,0,0,0,0,NA,NA,0,NA,NA,NA,NA,NA,NA,NA,NA,TRUE
"NY","NEW YORK","3620580","NEW YORK CITY PUBLIC SCHOOLS",2585,"PS 163 BATH BEACH","362058002585","No",NA,NA,NA,NA,NA,NA,NA,NA,NA,NA,NA,NA,NA,NA,NA,NA,NA,NA,NA,NA,NA,"2021-2022",NA,NA,NA,NA,NA,NA,NA,NA,NA,NA,NA,NA,NA,NA,NA,NA,NA,NA,0,0,0,0,0,0,0,0,NA,NA,0,NA,NA,NA,NA,NA,NA,NA,NA,FALSE
"CA","California","0640980","Ventura Unified",9004,"Lincoln Elementary","064098009004","No",NA,NA,NA,NA,NA,NA,NA,NA,NA,NA,NA,NA,NA,NA,NA,NA,NA,NA,NA,NA,NA,"2020-2021","Not reported","Mixed",1110,1,NA,NA,NA,NA,NA,NA,NA,0.212612612612613,NA,NA,0.151351351351351,0,0.363963963963964,NA,0,0,0,0,0,0,0,0,NA,NA,0,NA,NA,NA,NA,NA,NA,NA,NA,TRUE
"WA","WASHINGTON","5303930","Kennewick School District",604,"Kamiakin High School","530393000604","No",5,14,7,0,0,2,1,1,0,1,0,36,10,4,3,58,21,6,2,18,5,"2021-2022","No virtual instruction","Schoolwide",9070,NA,NA,1,NA,NA,NA,0.00705622932745314,0.00992282249173098,0.113561190738699,NA,0.0196251378169791,0.246747519294377,0,0.396912899669239,79,46,1,21,3,0,7,23,8,0.734177215189873,0.265822784810127,78,FALSE,78,0.0128205128205128,0.58974358974359,0.269230769230769,0.0384615384615385,0,0.0897435897435897,TRUE
"PA","Pennsylvania","4200752","Propel Cs-Montour",6095,"Propel Cs-Montour","420075206095","No",NA,NA,NA,NA,NA,NA,NA,NA,NA,NA,NA,NA,NA,NA,NA,NA,NA,NA,NA,NA,NA,"2020-2021","Supplemental Virtual","Schoolwide",3890,1,1,1,0.191259640102828,0.208740359897172,0.00051413881748072,0.00154241645244216,0.21439588688946,0.0133676092544987,0.00051413881748072,0.0616966580976864,0.107969151670951,0.4,0.4,NA,0,0,0,0,0,0,0,0,NA,NA,0,NA,NA,NA,NA,NA,NA,NA,NA,TRUE
"WA","Washington","5306570","Pasco School District",2785,"Rowena Chess Elementary","530657002785","No",NA,NA,NA,NA,NA,NA,NA,NA,NA,NA,NA,NA,NA,NA,NA,NA,NA,NA,NA,NA,NA,"2020-2021","No virtual instruction","Schoolwide",2155,1,NA,NA,NA,NA,NA,NA,NA,0.37215777262181,NA,NA,NA,0,0.37215777262181,NA,0,0,0,0,0,0,0,0,NA,NA,0,NA,NA,NA,NA,NA,NA,NA,NA,TRUE
"CA","CALIFORNIA","0633860","Saddleback Valley Unified",3453,"Robinson Elementary","063386003453","No",NA,NA,NA,NA,NA,NA,NA,NA,NA,NA,NA,NA,NA,NA,NA,NA,NA,NA,NA,NA,NA,"2021-2022","Not reported","Mixed",2315,1,1,NA,NA,NA,NA,NA,NA,0.0742980561555076,NA,0.0371490280777538,0.267818574514039,0,0.3792656587473,NA,0,0,0,0,0,0,0,0,NA,NA,0,NA,NA,NA,NA,NA,NA,NA,NA,TRUE
"MN","Minnesota","2700100","Fillmore Central",1269,"Fillmore Central Elementary","270010001269","No",NA,NA,NA,NA,NA,NA,NA,NA,NA,NA,NA,NA,NA,NA,NA,NA,NA,NA,NA,NA,NA,"2020-2021","No virtual instruction","Not_TitleI",1530,1,1,NA,NA,NA,NA,NA,NA,NA,NA,NA,NA,0,0,NA,0,0,0,0,0,0,0,0,NA,NA,0,NA,NA,NA,NA,NA,NA,NA,NA,TRUE
"MI","Michigan","2610980","Covert Public Schools",7452,"Covert Middle School","261098007452","No",NA,NA,NA,NA,NA,NA,NA,NA,NA,NA,NA,NA,NA,NA,NA,NA,NA,NA,NA,NA,NA,"2020-2021","No virtual instruction","Schoolwide",360,NA,1,NA,0.166666666666667,0.233333333333333,0,0,0.0777777777777778,0.255555555555556,0,0.0222222222222222,0.0444444444444444,0.4,0.4,NA,0,0,0,0,0,0,0,0,NA,NA,0,NA,NA,NA,NA,NA,NA,NA,NA,TRUE
"MI","Michigan","2602820","Ann Arbor Public Schools",4018,"Bach Elementary School","260282004018","No",NA,NA,NA,NA,NA,NA,NA,NA,NA,NA,NA,NA,NA,NA,NA,NA,NA,NA,NA,NA,NA,"2020-2021","Supplemental Virtual","Not_TitleI",1825,1,NA,NA,0.207123287671233,0.192876712328767,0,0.0142465753424658,0.0295890410958904,0.0306849315068493,0,0.0471232876712329,0.278356164383562,0.4,0.4,NA,0,0,0,0,0,0,0,0,NA,NA,0,NA,NA,NA,NA,NA,NA,NA,NA,TRUE
"FL","FLORIDA","1200450","DIXIE",626,"DIXIE COUNTY HIGH SCHOOL","120045000626","No",0,NA,NA,NA,NA,NA,NA,NA,NA,NA,NA,NA,NA,NA,NA,NA,NA,NA,NA,NA,NA,"2021-2022","No virtual instruction","Schoolwide",3645,NA,1,1,0.200274348422497,0.199725651577503,0.000548696844993141,0.00329218106995885,0.0252400548696845,0.0175582990397805,0,0.0170096021947874,0.336351165980796,0.4,0.4,NA,0,0,0,0,0,0,0,0,NA,NA,0,NA,NA,NA,NA,NA,NA,NA,NA,TRUE
"TX","Texas","4846530","Wylie Isd",6634,"P M Akin El","484653006634","No",NA,NA,NA,NA,NA,NA,NA,NA,NA,NA,NA,NA,NA,NA,NA,NA,NA,NA,NA,NA,NA,"2020-2021","Missing","Targeted",2680,1,NA,NA,0.191044776119403,0.208955223880597,0.00149253731343284,0.0194029850746269,0.0656716417910448,0.076865671641791,0.000746268656716418,0.0298507462686567,0.205970149253731,0.4,0.4,NA,0,0,0,0,0,0,0,0,NA,NA,0,NA,NA,NA,NA,NA,NA,NA,NA,TRUE
"PA","Pennsylvania","4210650","General Mclane Sd",5225,"James W Parker Ms","421065005225","No",NA,NA,NA,NA,NA,NA,NA,NA,NA,NA,NA,NA,NA,NA,NA,NA,NA,NA,NA,NA,NA,"2020-2021","Supplemental Virtual","Targeted",3285,1,1,NA,0.178995433789954,0.221004566210046,0,0.0030441400304414,0.00243531202435312,0.010958904109589,0,0.015220700152207,0.368340943683409,0.4,0.4,NA,0,0,0,0,0,0,0,0,NA,NA,0,NA,NA,NA,NA,NA,NA,NA,NA,TRUE
"MN","Minnesota","2700177","North Lakes Academy",5239,"North Lakes Academy Elementary","270017705239","No",NA,NA,NA,NA,NA,NA,NA,NA,NA,NA,NA,NA,NA,NA,NA,NA,NA,NA,NA,NA,NA,"2020-2021","No virtual instruction","Not_TitleI",1050,1,NA,NA,NA,NA,NA,NA,NA,NA,NA,NA,0.367619047619048,0,0.367619047619048,NA,0,0,0,0,0,0,0,0,NA,NA,0,NA,NA,NA,NA,NA,NA,NA,NA,TRUE
"IA","Iowa","1907050","Chariton Comm School District",315,"Columbus Elementary School","190705000315","No",NA,NA,NA,NA,NA,NA,NA,NA,NA,NA,NA,NA,NA,NA,NA,NA,NA,NA,NA,NA,NA,"2020-2021","Supplemental Virtual","Schoolwide",1335,1,NA,NA,NA,NA,NA,NA,NA,0.0179775280898876,NA,NA,0.374531835205993,0,0.39250936329588,NA,0,0,0,0,0,0,0,0,NA,NA,0,NA,NA,NA,NA,NA,NA,NA,NA,TRUE
"IL","ILLINOIS","1726800","Morton CUSD 709",2864,"Morton High School","172680002864","No",3,1,0,0,0,0,0,0,0,0,0,6,4,0,0,7,4,0,0,0,0,"2021-2022","No virtual instruction","Targeted",5325,NA,NA,1,NA,NA,NA,NA,NA,0.0142723004694836,NA,NA,0.35830985915493,0,0.372582159624413,11,10,0,1,0,0,0,0,0,0.636363636363636,0.363636363636364,11,FALSE,11,0,0.909090909090909,0.0909090909090909,0,0,0,TRUE
"IL","ILLINOIS","1709930","City of Chicago SD 299",5061,"Chicago Academy High School","170993005061","No",7,78,73,0,0,1,3,0,0,4,3,21,12,1,1,105,92,23,18,18,14,"2021-2022","No virtual instruction","Schoolwide",2800,NA,NA,1,NA,NA,NA,NA,0.0157142857142857,0.301428571428571,NA,NA,0.0642857142857143,0,0.381428571428571,197,33,7,151,4,0,2,32,41,0.532994923857868,0.467005076142132,197,FALSE,197,0.0355329949238579,0.16751269035533,0.766497461928934,0.0203045685279188,0,0.0101522842639594,TRUE
"MD","MARYLAND","2400510","Prince George's County Public Schools",1110,"Mt Rainier Elementary","240051001110","No",NA,NA,NA,NA,NA,NA,NA,NA,NA,NA,NA,NA,NA,NA,NA,NA,NA,NA,NA,NA,NA,"2021-2022","Supplemental Virtual","Schoolwide",1640,1,1,NA,NA,NA,NA,NA,0.109756097560976,0.241463414634146,NA,NA,NA,0,0.351219512195122,NA,0,0,0,0,0,0,0,0,NA,NA,0,NA,NA,NA,NA,NA,NA,NA,NA,TRUE
"MA","MASSACHUSETTS","2507020","Lowell",1041,"Lowell High","250702001041","No",7,12,4,0,0,22,9,0,0,4,5,17,5,1,1,56,24,6,2,3,0,"2021-2022","No virtual instruction","Schoolwide",15280,NA,NA,1,NA,NA,NA,0.117539267015707,0.043979057591623,NA,NA,NA,0.0828534031413613,0,0.244371727748691,80,22,9,16,31,0,2,3,8,0.7,0.3,80,FALSE,80,0.1125,0.275,0.2,0.3875,0,0.025,TRUE
"MT","MONTANA","3008310","Davey Elem",239,"Davey Elementary","300831000239","No",NA,NA,NA,NA,NA,NA,NA,NA,NA,NA,NA,NA,NA,NA,NA,NA,NA,NA,NA,NA,NA,"2021-2022","No virtual instruction","Not_TitleI",80,1,1,NA,0.15,0.25,0,0,0,0,0,0,0.4,0.4,0.4,NA,0,0,0,0,0,0,0,0,NA,NA,0,NA,NA,NA,NA,NA,NA,NA,NA,TRUE
"CA","CALIFORNIA","0601956","Southern California Flex Academy District",14359,"Southern California Flex Academy","060195614359","No",0,NA,NA,NA,NA,NA,NA,NA,NA,NA,NA,NA,NA,NA,NA,NA,NA,NA,NA,NA,NA,"2021-2022","Not reported","Mixed",2440,1,1,1,NA,NA,NA,NA,0.0852459016393443,0.197540983606557,NA,NA,0.0639344262295082,0,0.34672131147541,NA,0,0,0,0,0,0,0,0,NA,NA,0,NA,NA,NA,NA,NA,NA,NA,NA,TRUE
"WV","WEST VIRGINIA","5401050","OHIO COUNTY SCHOOLS",869,"TRIADELPHIA MIDDLE SCHOOL","540105000869","No",NA,NA,NA,NA,NA,NA,NA,NA,NA,NA,NA,NA,NA,NA,NA,NA,NA,NA,NA,NA,NA,"2021-2022","Supplemental Virtual","Not_TitleI",1870,NA,1,NA,NA,NA,NA,NA,0.0374331550802139,NA,NA,0.0342245989304813,0.322994652406417,0,0.394652406417112,NA,0,0,0,0,0,0,0,0,NA,NA,0,NA,NA,NA,NA,NA,NA,NA,NA,TRUE
"CT","Connecticut","0903450","Learn",1581,"Connecticut River Academy At Goodwin University","090345001581","No",3,15,11,0,0,1,1,0,0,6,7,6,3,0,1,28,23,2,2,4,1,"2020-2021","Supplemental Virtual","Not_TitleI",2665,NA,1,1,NA,NA,NA,NA,0.099812382739212,0.217636022514071,NA,NA,0.0540337711069418,0,0.371482176360225,51,9,13,26,2,0,1,5,4,0.549019607843137,0.450980392156863,51,FALSE,51,0.254901960784314,0.176470588235294,0.509803921568627,0.0392156862745098,0,0.0196078431372549,TRUE
"IL","Illinois","1701413","Abingdon-Avon Cusd 276",6276,"Avon Elem Sch","170141306276","No",NA,NA,NA,NA,NA,NA,NA,NA,NA,NA,NA,NA,NA,NA,NA,NA,NA,NA,NA,NA,NA,"2020-2021","Not reported","Mixed",615,1,NA,NA,NA,NA,NA,NA,NA,NA,NA,NA,0.360975609756098,0,0.360975609756098,NA,0,0,0,0,0,0,0,0,NA,NA,0,NA,NA,NA,NA,NA,NA,NA,NA,TRUE
"TN","Tennessee","4704350","Warren County",1748,"Warren County Middle School","470435001748","No",NA,NA,NA,NA,NA,NA,NA,NA,NA,NA,NA,NA,NA,NA,NA,NA,NA,NA,NA,NA,NA,"2020-2021","No virtual instruction","Schoolwide",4035,NA,1,NA,NA,NA,NA,NA,0.0114002478314746,0.0921933085501859,NA,0.0346964064436183,0.255266418835192,0,0.393556381660471,NA,0,0,0,0,0,0,0,0,NA,NA,0,NA,NA,NA,NA,NA,NA,NA,NA,TRUE
"TX","TEXAS","4834830","PFLUGERVILLE ISD",8942,"DESSAU MIDDLE","483483008942","No",NA,NA,NA,NA,NA,NA,NA,NA,NA,NA,NA,NA,NA,NA,NA,NA,NA,NA,NA,NA,NA,"2021-2022","Missing","Schoolwide",3635,NA,1,NA,0.19697386519945,0.20302613480055,0.000550206327372765,0.0264099037138927,0.0588720770288858,0.280055020632737,0.000550206327372765,0.00990371389270977,0.0236588720770289,0.4,0.4,NA,0,0,0,0,0,0,0,0,NA,NA,0,NA,NA,NA,NA,NA,NA,NA,NA,TRUE
"GA","GEORGIA","1300001","Troup County",1962,"West Point Elementary School","130000101962","No",NA,NA,NA,NA,NA,NA,NA,NA,NA,NA,NA,NA,NA,NA,NA,NA,NA,NA,NA,NA,NA,"2021-2022","No virtual instruction","Schoolwide",1895,1,NA,NA,0.200527704485488,0.199472295514512,0.00105540897097625,0.00738786279683377,0.244854881266491,0.0105540897097625,0.00105540897097625,0.0200527704485488,0.115039577836412,0.4,0.4,NA,0,0,0,0,0,0,0,0,NA,NA,0,NA,NA,NA,NA,NA,NA,NA,NA,TRUE
"TN","Tennessee","4700148","Shelby County",1028,"Central High","470014801028","No",1,1,0,0,0,0,0,0,0,7,2,1,0,0,0,9,2,1,0,1,0,"2020-2021","No virtual instruction","Schoolwide",6970,NA,NA,1,NA,NA,NA,NA,0.329698708751793,0.0223816355810617,NA,0.0203730272596844,0.0206599713055954,0,0.393113342898135,11,1,9,1,0,0,0,1,1,0.818181818181818,0.181818181818182,11,FALSE,11,0.818181818181818,0.0909090909090909,0.0909090909090909,0,0,0,TRUE
"MN","MINNESOTA","2728380","PINE CITY PUBLIC SCHOOL DISTRICT",1255,"PINE CITY ELEMENTARY","272838001255","No",NA,NA,NA,NA,NA,NA,NA,NA,NA,NA,NA,NA,NA,NA,NA,NA,NA,NA,NA,NA,NA,"2021-2022","No virtual instruction","Schoolwide",4070,1,1,NA,NA,NA,NA,NA,NA,NA,NA,0.026044226044226,0.355773955773956,0,0.381818181818182,NA,0,0,0,0,0,0,0,0,NA,NA,0,NA,NA,NA,NA,NA,NA,NA,NA,TRUE
"OH","OHIO","3900038","Summit Academy Akron Elementary School",2844,"Summit Academy Akron Elementary School","390003802844","No",NA,NA,NA,NA,NA,NA,NA,NA,NA,NA,NA,NA,NA,NA,NA,NA,NA,NA,NA,NA,NA,"2021-2022","No virtual instruction","Schoolwide",455,1,NA,NA,0.171428571428571,0.228571428571429,0,0,0.10989010989011,0.0175824175824176,0,0.0879120879120879,0.184615384615385,0.4,0.4,NA,0,0,0,0,0,0,0,0,NA,NA,0,NA,NA,NA,NA,NA,NA,NA,NA,TRUE
"IN","INDIANA","1807260","Mt Vernon Community School Corp",2192,"McCordsville Elementary School","180726002192","No",NA,NA,NA,NA,NA,NA,NA,NA,NA,NA,NA,NA,NA,NA,NA,NA,NA,NA,NA,NA,NA,"2021-2022","No virtual instruction","Not_TitleI",3495,1,NA,NA,NA,NA,NA,NA,0.0331902718168813,0.0297567954220315,NA,0.0286123032904149,0.299856938483548,0,0.391416309012876,NA,0,0,0,0,0,0,0,0,NA,NA,0,NA,NA,NA,NA,NA,NA,NA,NA,TRUE
"OK","Oklahoma","4002910","Amber-Pocasset",46,"Amber-Pocasset Es","400291000046","No",NA,NA,NA,NA,NA,NA,NA,NA,NA,NA,NA,NA,NA,NA,NA,NA,NA,NA,NA,NA,NA,"2020-2021","No virtual instruction","Schoolwide",1015,1,1,NA,NA,NA,NA,NA,NA,NA,NA,0.0137931034482759,0.34679802955665,0,0.360591133004926,NA,0,0,0,0,0,0,0,0,NA,NA,0,NA,NA,NA,NA,NA,NA,NA,NA,TRUE
"CA","California","0629130","Oroville Union High",4497,"Prospect High (Continuation)","062913004497","No",0,NA,NA,NA,NA,NA,NA,NA,NA,NA,NA,NA,NA,NA,NA,NA,NA,NA,NA,NA,NA,"2020-2021","Not reported","Mixed",585,NA,NA,1,NA,NA,NA,NA,NA,NA,NA,NA,NA,0,0,NA,0,0,0,0,0,0,0,0,NA,NA,0,NA,NA,NA,NA,NA,NA,NA,NA,TRUE
"CA","California","0633150","Riverside Unified",5155,"Pachappa Elementary","063315005155","No",NA,NA,NA,NA,NA,NA,NA,NA,NA,NA,NA,NA,NA,NA,NA,NA,NA,NA,NA,NA,NA,"2020-2021","Not reported","Mixed",3375,1,1,NA,NA,NA,NA,NA,NA,0.289185185185185,NA,NA,0.0557037037037037,0,0.344888888888889,NA,0,0,0,0,0,0,0,0,NA,NA,0,NA,NA,NA,NA,NA,NA,NA,NA,TRUE
"NV","Nevada","3200001","State-Sponsored Charter Schools",895,"Legacy Traditional School North Valley","320000100895","No",NA,NA,NA,NA,NA,NA,NA,NA,NA,NA,NA,NA,NA,NA,NA,NA,NA,NA,NA,NA,NA,"2020-2021","No virtual instruction","Schoolwide",7075,1,1,NA,0.212014134275618,0.187985865724382,0.000848056537102474,0.0141342756183746,0.0862190812720848,0.173003533568905,0.00621908127208481,0.0421201413427562,0.0774558303886926,0.4,0.4,NA,0,0,0,0,0,0,0,0,NA,NA,0,NA,NA,NA,NA,NA,NA,NA,NA,TRUE
"FL","Florida","1201110","Leon",3602,"Pace Center For Girls","120111003602","No",0,NA,NA,NA,NA,NA,NA,NA,NA,NA,NA,NA,NA,NA,NA,NA,NA,NA,NA,NA,NA,"2020-2021","No virtual instruction","Not_TitleI",350,NA,1,1,0.4,0,0,0,0.314285714285714,0.00571428571428571,0,0.00571428571428571,0.0742857142857143,0.4,0.4,NA,0,0,0,0,0,0,0,0,NA,NA,0,NA,NA,NA,NA,NA,NA,NA,NA,TRUE
"WA","WASHINGTON","5303180","Granger School District",2780,"Roosevelt Elementary","530318002780","No",NA,NA,NA,NA,NA,NA,NA,NA,NA,NA,NA,NA,NA,NA,NA,NA,NA,NA,NA,NA,NA,"2021-2022","No virtual instruction","Schoolwide",2900,1,NA,NA,NA,NA,NA,NA,NA,0.38,NA,NA,NA,0,0.38,NA,0,0,0,0,0,0,0,0,NA,NA,0,NA,NA,NA,NA,NA,NA,NA,NA,TRUE
"TN","Tennessee","4704530","Williamson County",511,"Centennial High School","470453000511","No",5,1,1,0,0,5,3,0,0,0,0,19,1,2,0,27,5,8,3,2,0,"2020-2021","Supplemental Virtual","Not_TitleI",8060,NA,NA,1,NA,NA,NA,0.0183622828784119,0.039454094292804,0.0776674937965261,NA,0.0228287841191067,0.240694789081886,0,0.399007444168735,32,20,0,2,8,0,2,2,11,0.84375,0.15625,32,FALSE,32,0,0.625,0.0625,0.25,0,0.0625,TRUE
"TX","TEXAS","4824100","HUTTO ISD",8411,"HUTTO MIDDLE","482410008411","No",NA,NA,NA,NA,NA,NA,NA,NA,NA,NA,NA,NA,NA,NA,NA,NA,NA,NA,NA,NA,NA,"2021-2022","Missing","Schoolwide",5535,NA,1,NA,0.195844625112918,0.204155374887082,0.000722673893405601,0.00722673893405601,0.0556458897922313,0.183920505871725,0.000722673893405601,0.0231255645889792,0.128635953026197,0.4,0.4,NA,0,0,0,0,0,0,0,0,NA,NA,0,NA,NA,NA,NA,NA,NA,NA,NA,TRUE
"AL","ALABAMA","0103450","Walker County",1320,"Oakman High School","010345001320","No",1,0,1,0,0,0,0,0,0,0,0,5,0,2,0,7,1,0,0,2,0,"2021-2022","No virtual instruction","Not_TitleI",1650,NA,NA,1,0.186666666666667,0.213333333333333,0.00121212121212121,0,0.0254545454545455,0.00484848484848485,0,0.0096969696969697,0.358787878787879,0.4,0.4,8,5,0,1,0,0,2,2,0,0.875,0.125,8,FALSE,8,0,0.625,0.125,0,0,0.25,TRUE
"TX","Texas","4844520","Walnut Springs Isd",12079,"Walnut Springs School","484452012079","No",0,NA,NA,NA,NA,NA,NA,NA,NA,NA,NA,NA,NA,NA,NA,NA,NA,NA,NA,NA,NA,"2020-2021","Missing","Schoolwide",850,1,1,1,0.171764705882353,0.228235294117647,0,0.00235294117647059,0,0.249411764705882,0,0.00235294117647059,0.145882352941176,0.4,0.4,NA,0,0,0,0,0,0,0,0,NA,NA,0,NA,NA,NA,NA,NA,NA,NA,NA,TRUE
"ND","NORTH DAKOTA","3813030","MINOT 1",449,"SUNNYSIDE ELEMENTARY SCHOOL","381303000449","No",NA,NA,NA,NA,NA,NA,NA,NA,NA,NA,NA,NA,NA,NA,NA,NA,NA,NA,NA,NA,NA,"2021-2022","Supplemental Virtual","Schoolwide",1355,1,NA,NA,NA,NA,NA,NA,NA,0.0324723247232472,NA,NA,0.250922509225092,0,0.283394833948339,NA,0,0,0,0,0,0,0,0,NA,NA,0,NA,NA,NA,NA,NA,NA,NA,NA,TRUE
"PA","Pennsylvania","4224750","Wallenpaupack Area Sd",129,"Wallenpaupack Pri Sch","422475000129","No",NA,NA,NA,NA,NA,NA,NA,NA,NA,NA,NA,NA,NA,NA,NA,NA,NA,NA,NA,NA,NA,"2020-2021","Supplemental Virtual","Targeted",2280,1,NA,NA,0.206140350877193,0.193859649122807,0,0.00175438596491228,0.00087719298245614,0.0587719298245614,0,0.00789473684210526,0.330701754385965,0.4,0.4,NA,0,0,0,0,0,0,0,0,NA,NA,0,NA,NA,NA,NA,NA,NA,NA,NA,TRUE
"NJ","New Jersey","3413140","Plainfield Public School District",5608,"Maxson Middle School","341314005608","No",NA,NA,NA,NA,NA,NA,NA,NA,NA,NA,NA,NA,NA,NA,NA,NA,NA,NA,NA,NA,NA,"2020-2021","No virtual instruction","Schoolwide",4145,NA,1,NA,NA,NA,NA,NA,0.0979493365500603,0.293848009650181,NA,NA,NA,0,0.391797346200241,NA,0,0,0,0,0,0,0,0,NA,NA,0,NA,NA,NA,NA,NA,NA,NA,NA,TRUE
"TX","Texas","4823670","Howe Isd",2621,"Summit Hill El","482367002621","No",NA,NA,NA,NA,NA,NA,NA,NA,NA,NA,NA,NA,NA,NA,NA,NA,NA,NA,NA,NA,NA,"2020-2021","Missing","Schoolwide",1515,1,NA,NA,0.183498349834984,0.216501650165016,0.00132013201320132,0.00132013201320132,0.0105610561056106,0.117491749174917,0,0.0250825082508251,0.244224422442244,0.4,0.4,NA,0,0,0,0,0,0,0,0,NA,NA,0,NA,NA,NA,NA,NA,NA,NA,NA,TRUE
"CA","CALIFORNIA","0610710","Dehesa Elementary",1188,"Dehesa Elementary","061071001188","No",NA,NA,NA,NA,NA,NA,NA,NA,NA,NA,NA,NA,NA,NA,NA,NA,NA,NA,NA,NA,NA,"2021-2022","Not reported","Mixed",525,1,1,NA,NA,NA,NA,NA,NA,NA,NA,NA,NA,0,0,NA,0,0,0,0,0,0,0,0,NA,NA,0,NA,NA,NA,NA,NA,NA,NA,NA,TRUE
