"State_Code","State_Name","District_ID","District_Name","School_ID","School_Name","Combined_Key","Juvenile_Justice_School","CS_Classes_Offered","CS_Hispanic_Male","CS_Hispanic_Female","CS_AmericanIndian_Male","CS_AmericanIndian_Female","CS_Asian_Male","CS_Asian_Female","CS_PacificIslander_Male","CS_PacificIslander_Female","CS_Black_Male","CS_Black_Female","CS_White_Male","CS_White_Female","CS_TwoOrMore_Male","CS_TwoOrMore_Female","CS_Total_Male","CS_Total_Female","CS_EnglishLearner_Male","CS_EnglishLearner_Female","CS_Disability_Male","CS_Disability_Female","SCHOOL_YEAR","VIRTUAL_TEXT","TitleI_Status","school_enrollment","Elementary","Middle","High","sex_female","sex_male","race_american_indian","race_asian","race_black","race_hispanic","race_pacific_islander","race_multiracial","race_white","sex_total","race_total","sex_female_prop","sex_male_prop","sex_total_prop","race_american_indian_prop","race_asian_prop","race_black_prop","race_hispanic_prop","race_pacific_islander_prop","race_multiracial_prop","race_white_prop","race_total_prop","Total_CS_Enrolment","White_CS","Black_CS","Hispanic_CS","Asian_CS","AmericanIndian_CS","Multiracial_CS","Disability_CS","EnglishLearner_CS","Prop_Male_CS","Prop_Female_CS","Race_Total_CS","Race_Exceeds_Total","Total_Race_CS","Prop_Black_CS","Prop_White_CS","Prop_Hispanic_CS","Prop_Asian_CS","Prop_AmericanIndian_CS","Prop_Multiracial_CS","has_CCD_info"
"MO","MISSOURI","2916400","KANSAS CITY 33",863,"PHILLIS WHEATLEY ELEMENTARY","291640000863","No",NA,NA,NA,NA,NA,NA,NA,NA,NA,NA,NA,NA,NA,NA,NA,NA,NA,NA,NA,NA,NA,"2021-2022","No virtual instruction","Schoolwide",1790,1,1,NA,NA,NA,NA,NA,338,278,NA,NA,NA,0,616,NA,NA,0,NA,NA,0.188826815642458,0.155307262569832,NA,NA,NA,0.344134078212291,NA,0,0,0,0,0,0,0,0,NA,NA,0,NA,NA,NA,NA,NA,NA,NA,NA,TRUE
"CA","California","0630930","Pleasant Ridge Union Elementary",4792,"Magnolia Intermediate","063093004792","No",NA,NA,NA,NA,NA,NA,NA,NA,NA,NA,NA,NA,NA,NA,NA,NA,NA,NA,NA,NA,NA,"2020-2021","Not reported","Mixed",1845,NA,1,NA,NA,NA,NA,NA,NA,108,NA,148,462,0,718,NA,NA,NA,NA,NA,NA,0.15041782729805,NA,0.206128133704735,0.643454038997215,NA,NA,0,0,0,0,0,0,0,0,NA,NA,0,NA,NA,NA,NA,NA,NA,NA,NA,TRUE
"CA","CALIFORNIA","0609030","Clovis Unified",7961,"Reyburn Intermediate","060903007961","No",NA,NA,NA,NA,NA,NA,NA,NA,NA,NA,NA,NA,NA,NA,NA,NA,NA,NA,NA,NA,NA,"2021-2022","Not reported","Mixed",7580,NA,1,NA,1464,NA,NA,896,96,1306,NA,56,654,1464,3008,0.193139841688654,NA,0.193139841688654,NA,0.11820580474934,0.012664907651715,0.172295514511873,NA,0.00738786279683377,0.0862796833773087,0.396833773087071,NA,0,0,0,0,0,0,0,0,NA,NA,0,NA,NA,NA,NA,NA,NA,NA,NA,TRUE
"NC","NORTH CAROLINA","3704720","Wake County Schools",2555,"Centennial Campus Middle","370472002555","No",NA,NA,NA,NA,NA,NA,NA,NA,NA,NA,NA,NA,NA,NA,NA,NA,NA,NA,NA,NA,NA,"2021-2022","No virtual instruction","Schoolwide",2645,NA,1,NA,518,540,2,48,458,252,0,40,258,1058,1058,0.195841209829868,0.204158790170132,0.4,0.000756143667296786,0.0181474480151229,0.173156899810964,0.0952741020793951,0,0.0151228733459357,0.0975425330812854,0.4,NA,0,0,0,0,0,0,0,0,NA,NA,0,NA,NA,NA,NA,NA,NA,NA,NA,TRUE
"OK","OKLAHOMA","4021630","NOBLE",1923,"JOHN K HUBBARD ES","402163001923","No",NA,NA,NA,NA,NA,NA,NA,NA,NA,NA,NA,NA,NA,NA,NA,NA,NA,NA,NA,NA,NA,"2021-2022","No virtual instruction","Schoolwide",3140,1,NA,NA,NA,NA,84,NA,NA,112,NA,100,944,0,1240,NA,NA,0,0.0267515923566879,NA,NA,0.0356687898089172,NA,0.0318471337579618,0.300636942675159,0.394904458598726,NA,0,0,0,0,0,0,0,0,NA,NA,0,NA,NA,NA,NA,NA,NA,NA,NA,TRUE
"CA","California","0616740","Hayward Unified",2129,"Ruus Elementary","061674002129","No",NA,NA,NA,NA,NA,NA,NA,NA,NA,NA,NA,NA,NA,NA,NA,NA,NA,NA,NA,NA,NA,"2020-2021","Not reported","Mixed",2150,1,1,NA,NA,NA,NA,190,NA,528,NA,NA,NA,0,718,NA,NA,NA,NA,0.264623955431755,NA,0.735376044568245,NA,NA,NA,NA,NA,0,0,0,0,0,0,0,0,NA,NA,0,NA,NA,NA,NA,NA,NA,NA,NA,TRUE
"CA","California","0630660","Placentia-Yorba Linda Unified",4777,"Bernardo Yorba Middle","063066004777","No",NA,NA,NA,NA,NA,NA,NA,NA,NA,NA,NA,NA,NA,NA,NA,NA,NA,NA,NA,NA,NA,"2020-2021","Not reported","Mixed",2780,NA,1,NA,NA,NA,NA,176,NA,420,NA,56,448,0,1100,NA,NA,NA,NA,0.16,NA,0.381818181818182,NA,0.0509090909090909,0.407272727272727,NA,NA,0,0,0,0,0,0,0,0,NA,NA,0,NA,NA,NA,NA,NA,NA,NA,NA,TRUE
"GA","GEORGIA","1302820","Henry County",3730,"Tussahaw Elementary","130282003730","No",NA,NA,NA,NA,NA,NA,NA,NA,NA,NA,NA,NA,NA,NA,NA,NA,NA,NA,NA,NA,NA,"2021-2022","No virtual instruction","Schoolwide",3865,1,NA,NA,808,738,4,16,1164,126,2,108,126,1546,1546,0.209055627425614,0.190944372574386,0.4,0.00103492884864166,0.00413971539456662,0.301164294954722,0.0326002587322122,0.000517464424320828,0.0279430789133247,0.0326002587322122,0.4,NA,0,0,0,0,0,0,0,0,NA,NA,0,NA,NA,NA,NA,NA,NA,NA,NA,TRUE
"IN","INDIANA","1807950","MSD North Posey Co Schools",1365,"North Posey Junior High School","180795001365","No",NA,NA,NA,NA,NA,NA,NA,NA,NA,NA,NA,NA,NA,NA,NA,NA,NA,NA,NA,NA,NA,"2021-2022","No virtual instruction","Targeted",1115,NA,1,NA,NA,NA,NA,NA,NA,14,NA,14,416,0,444,NA,NA,0,NA,NA,NA,0.0125560538116592,NA,0.0125560538116592,0.373094170403587,0.398206278026906,NA,0,0,0,0,0,0,0,0,NA,NA,0,NA,NA,NA,NA,NA,NA,NA,NA,TRUE
"PA","PENNSYLVANIA","4204590","Butler Area SD",1138,"Mcquistion El Sch","420459001138","No",NA,NA,NA,NA,NA,NA,NA,NA,NA,NA,NA,NA,NA,NA,NA,NA,NA,NA,NA,NA,NA,"2021-2022","Supplemental Virtual","Schoolwide",2150,1,NA,NA,438,422,6,2,20,28,2,24,778,860,860,0.203720930232558,0.196279069767442,0.4,0.0027906976744186,0.000930232558139535,0.00930232558139535,0.0130232558139535,0.000930232558139535,0.0111627906976744,0.361860465116279,0.4,NA,0,0,0,0,0,0,0,0,NA,NA,0,NA,NA,NA,NA,NA,NA,NA,NA,TRUE
"LA","LOUISIANA","2200600","East Feliciana Parish",461,"East Feliciana Middle School","220060000461","No",NA,NA,NA,NA,NA,NA,NA,NA,NA,NA,NA,NA,NA,NA,NA,NA,NA,NA,NA,NA,NA,"2021-2022","No virtual instruction","Schoolwide",860,NA,1,NA,NA,NA,NA,NA,298,NA,NA,NA,34,0,332,NA,NA,0,NA,NA,0.346511627906977,NA,NA,NA,0.0395348837209302,0.386046511627907,NA,0,0,0,0,0,0,0,0,NA,NA,0,NA,NA,NA,NA,NA,NA,NA,NA,TRUE
"TN","TENNESSEE","4700148","Shelby County",2632,"Aurora Collegiate Academy","470014802632","No",NA,NA,NA,NA,NA,NA,NA,NA,NA,NA,NA,NA,NA,NA,NA,NA,NA,NA,NA,NA,NA,"2021-2022","No virtual instruction","Schoolwide",1580,1,NA,NA,NA,NA,NA,NA,NA,520,NA,NA,NA,0,520,NA,NA,0,NA,NA,NA,0.329113924050633,NA,NA,NA,0.329113924050633,NA,0,0,0,0,0,0,0,0,NA,NA,0,NA,NA,NA,NA,NA,NA,NA,NA,TRUE
"GA","Georgia","1301020","Savannah-Chatham County",4185,"Rice Creek School","130102004185","No",NA,NA,NA,NA,NA,NA,NA,NA,NA,NA,NA,NA,NA,NA,NA,NA,NA,NA,NA,NA,NA,"2020-2021","No virtual instruction","Schoolwide",3975,1,1,NA,722,868,6,8,936,232,0,118,290,1590,1590,0.454088050314465,0.545911949685535,NA,0.00377358490566038,0.0050314465408805,0.588679245283019,0.145911949685535,0,0.0742138364779874,0.182389937106918,NA,NA,0,0,0,0,0,0,0,0,NA,NA,0,NA,NA,NA,NA,NA,NA,NA,NA,TRUE
"WV","WEST VIRGINIA","5400870","MINERAL COUNTY SCHOOLS",747,"FRANKFORT INTERMEDIATE SCHOOL","540087000747","No",NA,NA,NA,NA,NA,NA,NA,NA,NA,NA,NA,NA,NA,NA,NA,NA,NA,NA,NA,NA,NA,"2021-2022","Supplemental Virtual","Not_TitleI",1555,1,NA,NA,NA,NA,NA,NA,NA,NA,NA,NA,NA,0,0,NA,NA,0,NA,NA,NA,NA,NA,NA,NA,0,NA,0,0,0,0,0,0,0,0,NA,NA,0,NA,NA,NA,NA,NA,NA,NA,NA,TRUE
"SD","South Dakota","4646260","Mcintosh School District 15-1",411,"Mcintosh High School - 01","464626000411","No",0,NA,NA,NA,NA,NA,NA,NA,NA,NA,NA,NA,NA,NA,NA,NA,NA,NA,NA,NA,NA,"2020-2021","No virtual instruction","Schoolwide",255,NA,NA,1,44,58,36,0,0,4,0,8,54,102,102,0.431372549019608,0.568627450980392,NA,0.352941176470588,0,0,0.0392156862745098,0,0.0784313725490196,0.529411764705882,NA,NA,0,0,0,0,0,0,0,0,NA,NA,0,NA,NA,NA,NA,NA,NA,NA,NA,TRUE
"NC","North Carolina","3703450","Onslow County Schools",2338,"Hunters Creek Elementary","370345002338","No",NA,NA,NA,NA,NA,NA,NA,NA,NA,NA,NA,NA,NA,NA,NA,NA,NA,NA,NA,NA,NA,"2020-2021","No virtual instruction","Schoolwide",2325,1,NA,NA,NA,NA,NA,NA,NA,276,NA,NA,344,0,620,NA,NA,NA,NA,NA,NA,0.445161290322581,NA,NA,0.554838709677419,NA,NA,0,0,0,0,0,0,0,0,NA,NA,0,NA,NA,NA,NA,NA,NA,NA,NA,TRUE
"CA","CALIFORNIA","0601421","Santa Paula Unified",6107,"Glen City Elementary","060142106107","No",NA,NA,NA,NA,NA,NA,NA,NA,NA,NA,NA,NA,NA,NA,NA,NA,NA,NA,NA,NA,NA,"2021-2022","Not reported","Mixed",2730,1,NA,NA,NA,NA,NA,NA,NA,1070,NA,NA,NA,0,1070,NA,NA,0,NA,NA,NA,0.391941391941392,NA,NA,NA,0.391941391941392,NA,0,0,0,0,0,0,0,0,NA,NA,0,NA,NA,NA,NA,NA,NA,NA,NA,TRUE
"CA","California","0613140","Evergreen Elementary",1499,"Quimby Oak Middle","061314001499","No",NA,NA,NA,NA,NA,NA,NA,NA,NA,NA,NA,NA,NA,NA,NA,NA,NA,NA,NA,NA,NA,"2020-2021","Not reported","Mixed",4430,NA,1,NA,NA,NA,NA,1222,NA,398,NA,72,54,0,1746,NA,NA,NA,NA,0.699885452462772,NA,0.22794959908362,NA,0.0412371134020619,0.0309278350515464,NA,NA,0,0,0,0,0,0,0,0,NA,NA,0,NA,NA,NA,NA,NA,NA,NA,NA,TRUE
"AZ","ARIZONA","0409630","Yuma Union High School District (4507)",997,"Yuma High School","040963000997","No",0,NA,NA,NA,NA,NA,NA,NA,NA,NA,NA,NA,NA,NA,NA,NA,NA,NA,NA,NA,NA,"2021-2022","No virtual instruction","Schoolwide",5520,NA,NA,1,1100,1108,32,2,40,1996,0,16,122,2208,2208,0.199275362318841,0.200724637681159,0.4,0.00579710144927536,0.00036231884057971,0.0072463768115942,0.361594202898551,0,0.00289855072463768,0.0221014492753623,0.4,NA,0,0,0,0,0,0,0,0,NA,NA,0,NA,NA,NA,NA,NA,NA,NA,NA,TRUE
"AZ","Arizona","0401870","Chandler Unified District #80 (4242)",2250,"Basha High School","040187002250","No",0,NA,NA,NA,NA,NA,NA,NA,NA,NA,NA,NA,NA,NA,NA,NA,NA,NA,NA,NA,NA,"2020-2021","No virtual instruction","Not_TitleI",13020,1,1,1,2498,2710,84,406,208,888,18,190,3414,5208,5208,0.479646697388633,0.520353302611367,NA,0.0161290322580645,0.0779569892473118,0.0399385560675883,0.170506912442396,0.00345622119815668,0.0364823348694316,0.655529953917051,NA,NA,0,0,0,0,0,0,0,0,NA,NA,0,NA,NA,NA,NA,NA,NA,NA,NA,TRUE
"MS","Mississippi","2800187","Sunflower Cty Cons School District",1410,"A W James Elementary School","280018701410","No",NA,NA,NA,NA,NA,NA,NA,NA,NA,NA,NA,NA,NA,NA,NA,NA,NA,NA,NA,NA,NA,"2020-2021","No virtual instruction","Schoolwide",1090,1,NA,NA,NA,NA,NA,NA,416,NA,NA,NA,NA,0,416,NA,NA,NA,NA,NA,1,NA,NA,NA,NA,NA,NA,0,0,0,0,0,0,0,0,NA,NA,0,NA,NA,NA,NA,NA,NA,NA,NA,TRUE
"FL","Florida","1200390","Miami-Dade",599,"Miami Coral Park Senior High","120039000599","No",0,NA,NA,NA,NA,NA,NA,NA,NA,NA,NA,NA,NA,NA,NA,NA,NA,NA,NA,NA,NA,"2020-2021","No virtual instruction","Schoolwide",11555,NA,NA,1,2054,2568,0,18,38,4450,0,2,114,4622,4622,0.444396365209866,0.555603634790134,NA,0,0.00389441800086543,0.00822154911293812,0.962786672436175,0,0.00043271311120727,0.0246646473388144,NA,NA,0,0,0,0,0,0,0,0,NA,NA,0,NA,NA,NA,NA,NA,NA,NA,NA,TRUE
"CA","California","0614550","Fresno Unified",10490,"Phoenix Elementary Academy Community Day","061455010490","No",NA,NA,NA,NA,NA,NA,NA,NA,NA,NA,NA,NA,NA,NA,NA,NA,NA,NA,NA,NA,NA,"2020-2021","Not reported","Mixed",175,1,1,NA,NA,NA,NA,NA,NA,NA,NA,NA,NA,0,0,NA,NA,NA,NA,NA,NA,NA,NA,NA,NA,NA,NA,0,0,0,0,0,0,0,0,NA,NA,0,NA,NA,NA,NA,NA,NA,NA,NA,TRUE
"MO","MISSOURI","2927570","SAVANNAH R-III",1689,"HELENA ELEM.","292757001689","No",NA,NA,NA,NA,NA,NA,NA,NA,NA,NA,NA,NA,NA,NA,NA,NA,NA,NA,NA,NA,NA,"2021-2022","No virtual instruction","Not_TitleI",500,1,NA,NA,NA,NA,NA,NA,NA,NA,NA,NA,190,0,190,NA,NA,0,NA,NA,NA,NA,NA,NA,0.38,0.38,NA,0,0,0,0,0,0,0,0,NA,NA,0,NA,NA,NA,NA,NA,NA,NA,NA,TRUE
"PA","Pennsylvania","4222830","Sto-Rox Sd",477,"Sto-Rox Jshs","422283000477","No",0,NA,NA,NA,NA,NA,NA,NA,NA,NA,NA,NA,NA,NA,NA,NA,NA,NA,NA,NA,NA,"2020-2021","No virtual instruction","Schoolwide",2470,NA,1,1,492,496,0,0,556,22,0,128,282,988,988,0.497975708502024,0.502024291497976,NA,0,0,0.562753036437247,0.0222672064777328,0,0.129554655870445,0.285425101214575,NA,NA,0,0,0,0,0,0,0,0,NA,NA,0,NA,NA,NA,NA,NA,NA,NA,NA,TRUE
"CA","California","0601731","Icef View Park Preparatory High District",11358,"Icef View Park Preparatory High","060173111358","No",2,3,1,0,1,0,0,0,0,36,13,0,0,0,0,39,15,1,0,8,1,"2020-2021","Not reported","Mixed",2210,NA,NA,1,NA,NA,NA,NA,820,50,NA,NA,NA,0,870,NA,NA,NA,NA,NA,0.942528735632184,0.0574712643678161,NA,NA,NA,NA,54,0,49,4,0,1,0,9,1,0.722222222222222,0.277777777777778,54,FALSE,54,0.907407407407407,0,0.0740740740740741,0,0.0185185185185185,0,TRUE
"TX","TEXAS","4811790","BRYAN ISD",686,"HENDERSON EL","481179000686","No",NA,NA,NA,NA,NA,NA,NA,NA,NA,NA,NA,NA,NA,NA,NA,NA,NA,NA,NA,NA,NA,"2021-2022","Missing","Schoolwide",2795,1,NA,NA,514,604,4,2,98,912,0,16,86,1118,1118,0.183899821109123,0.216100178890877,0.4,0.00143112701252236,0.000715563506261181,0.0350626118067979,0.326296958855098,0,0.00572450805008945,0.0307692307692308,0.4,NA,0,0,0,0,0,0,0,0,NA,NA,0,NA,NA,NA,NA,NA,NA,NA,NA,TRUE
"CA","California","0622710","Los Angeles Unified",3349,"Sheridan Street Elementary","062271003349","No",NA,NA,NA,NA,NA,NA,NA,NA,NA,NA,NA,NA,NA,NA,NA,NA,NA,NA,NA,NA,NA,"2020-2021","Not reported","Mixed",3295,1,1,NA,NA,NA,NA,NA,NA,1258,NA,NA,NA,0,1258,NA,NA,NA,NA,NA,NA,1,NA,NA,NA,NA,NA,0,0,0,0,0,0,0,0,NA,NA,0,NA,NA,NA,NA,NA,NA,NA,NA,TRUE
"MN","MINNESOTA","2700071","Benton-Stearns Education District",5287,"Benton-Stearns Education Pioneers","270007105287","No",NA,NA,NA,NA,NA,NA,NA,NA,NA,NA,NA,NA,NA,NA,NA,NA,NA,NA,NA,NA,NA,"2021-2022","No virtual instruction","Not_TitleI",55,1,1,NA,NA,NA,NA,NA,NA,NA,NA,NA,NA,0,0,NA,NA,0,NA,NA,NA,NA,NA,NA,NA,0,NA,0,0,0,0,0,0,0,0,NA,NA,0,NA,NA,NA,NA,NA,NA,NA,NA,TRUE
"LA","Louisiana","2201500","St. James Parish",1167,"St. James High School","220150001167","No",4,2,0,0,0,0,0,0,0,2,2,1,3,0,0,5,5,0,0,0,0,"2020-2021","No virtual instruction","Schoolwide",2950,NA,1,1,NA,NA,NA,NA,892,NA,NA,NA,244,0,1136,NA,NA,NA,NA,NA,0.785211267605634,NA,NA,NA,0.214788732394366,NA,10,4,4,2,0,0,0,0,0,0.5,0.5,10,FALSE,10,0.4,0.4,0.2,0,0,0,TRUE
"SC","South Carolina","4502700","Lexington 01",1269,"Red Bank Elementary","450270001269","No",NA,NA,NA,NA,NA,NA,NA,NA,NA,NA,NA,NA,NA,NA,NA,NA,NA,NA,NA,NA,NA,"2020-2021","Supplemental Virtual","Schoolwide",2495,1,NA,NA,522,476,4,0,174,110,0,64,646,998,998,0.523046092184369,0.476953907815631,NA,0.00400801603206413,0,0.17434869739479,0.110220440881764,0,0.064128256513026,0.647294589178357,NA,NA,0,0,0,0,0,0,0,0,NA,NA,0,NA,NA,NA,NA,NA,NA,NA,NA,TRUE
"MA","MASSACHUSETTS","2505100","Frontier",749,"Frontier Regional","250510000749","No",11,5,2,0,0,5,1,0,0,1,1,40,14,1,2,52,20,0,0,7,6,"2021-2022","No virtual instruction","Targeted",3050,NA,1,1,NA,NA,NA,NA,NA,NA,NA,NA,NA,0,0,NA,NA,0,NA,NA,NA,NA,NA,NA,NA,0,72,54,2,7,6,0,3,13,0,0.722222222222222,0.277777777777778,72,FALSE,72,0.0277777777777778,0.75,0.0972222222222222,0.0833333333333333,0,0.0416666666666667,TRUE
"NY","New York","3600127","New York State Office Mental Health (Omh)",6536,"New York City Children's Center","360012706536","No",1,1,1,0,0,0,0,0,0,2,5,3,8,0,0,6,14,0,0,0,0,"2020-2021","No virtual instruction","Not_TitleI",240,1,1,1,NA,NA,NA,NA,NA,NA,NA,NA,NA,0,0,NA,NA,NA,NA,NA,NA,NA,NA,NA,NA,NA,20,11,7,2,0,0,0,0,0,0.3,0.7,20,FALSE,20,0.35,0.55,0.1,0,0,0,TRUE
"WI","Wisconsin","5515990","Wauwatosa School District",2086,"Mckinley Elementary","551599002086","No",NA,NA,NA,NA,NA,NA,NA,NA,NA,NA,NA,NA,NA,NA,NA,NA,NA,NA,NA,NA,NA,"2020-2021","Supplemental Virtual","Not_TitleI",1900,1,NA,NA,NA,NA,NA,NA,NA,NA,NA,NA,594,0,594,NA,NA,NA,NA,NA,NA,NA,NA,NA,1,NA,NA,0,0,0,0,0,0,0,0,NA,NA,0,NA,NA,NA,NA,NA,NA,NA,NA,TRUE
"IL","ILLINOIS","1700122","Shiloh CUSD 1",705,"Shiloh Elementary School","170012200705","No",NA,NA,NA,NA,NA,NA,NA,NA,NA,NA,NA,NA,NA,NA,NA,NA,NA,NA,NA,NA,NA,"2021-2022","No virtual instruction","Schoolwide",795,1,NA,NA,NA,NA,NA,NA,NA,NA,NA,NA,300,0,300,NA,NA,0,NA,NA,NA,NA,NA,NA,0.377358490566038,0.377358490566038,NA,0,0,0,0,0,0,0,0,NA,NA,0,NA,NA,NA,NA,NA,NA,NA,NA,TRUE
"NM","New Mexico","3500720","Des Moines Municipal Schools",245,"Des Moines Elementary","350072000245","No",NA,NA,NA,NA,NA,NA,NA,NA,NA,NA,NA,NA,NA,NA,NA,NA,NA,NA,NA,NA,NA,"2020-2021","No virtual instruction","Schoolwide",275,1,1,NA,NA,NA,NA,NA,NA,NA,NA,NA,NA,0,0,NA,NA,NA,NA,NA,NA,NA,NA,NA,NA,NA,NA,0,0,0,0,0,0,0,0,NA,NA,0,NA,NA,NA,NA,NA,NA,NA,NA,TRUE
"AZ","Arizona","0400961","Basis Charter Schools Inc. (549803)",3550,"Basis Phoenix South Primary","040096103550","No",NA,NA,NA,NA,NA,NA,NA,NA,NA,NA,NA,NA,NA,NA,NA,NA,NA,NA,NA,NA,NA,"2020-2021","No virtual instruction","Schoolwide",1760,1,NA,NA,366,338,2,72,170,336,2,26,96,704,704,0.519886363636364,0.480113636363636,NA,0.00284090909090909,0.102272727272727,0.241477272727273,0.477272727272727,0.00284090909090909,0.0369318181818182,0.136363636363636,NA,NA,0,0,0,0,0,0,0,0,NA,NA,0,NA,NA,NA,NA,NA,NA,NA,NA,TRUE
"TX","TEXAS","4834650","PERRYTON ISD",3891,"JAMES L WRIGHT EL","483465003891","No",NA,NA,NA,NA,NA,NA,NA,NA,NA,NA,NA,NA,NA,NA,NA,NA,NA,NA,NA,NA,NA,"2021-2022","Missing","Schoolwide",2175,1,NA,NA,448,422,0,2,0,628,0,16,224,870,870,0.205977011494253,0.194022988505747,0.4,0,0.000919540229885057,0,0.288735632183908,0,0.00735632183908046,0.102988505747126,0.4,NA,0,0,0,0,0,0,0,0,NA,NA,0,NA,NA,NA,NA,NA,NA,NA,NA,TRUE
"NV","NEVADA","3200060","CLARK COUNTY SCHOOL DISTRICT",927,"Divich  Kenneth ES","320006000927","No",NA,NA,NA,NA,NA,NA,NA,NA,NA,NA,NA,NA,NA,NA,NA,NA,NA,NA,NA,NA,NA,"2021-2022","No virtual instruction","Not_TitleI",4840,1,NA,NA,964,972,14,98,186,484,18,266,870,1936,1936,0.199173553719008,0.200826446280992,0.4,0.00289256198347107,0.0202479338842975,0.0384297520661157,0.1,0.00371900826446281,0.0549586776859504,0.179752066115702,0.4,NA,0,0,0,0,0,0,0,0,NA,NA,0,NA,NA,NA,NA,NA,NA,NA,NA,TRUE
"AZ","Arizona","0408310","Tempe School District (4258)",1107,"Fees College Preparatory Middle School","040831001107","No",NA,NA,NA,NA,NA,NA,NA,NA,NA,NA,NA,NA,NA,NA,NA,NA,NA,NA,NA,NA,NA,"2020-2021","No virtual instruction","Schoolwide",4600,NA,1,NA,872,968,278,24,182,1052,10,84,210,1840,1840,0.473913043478261,0.526086956521739,NA,0.151086956521739,0.0130434782608696,0.0989130434782609,0.571739130434783,0.00543478260869565,0.0456521739130435,0.114130434782609,NA,NA,0,0,0,0,0,0,0,0,NA,NA,0,NA,NA,NA,NA,NA,NA,NA,NA,TRUE
"FL","FLORIDA","1201440","ORANGE",1436,"RIVERSIDE ELEMENTARY","120144001436","No",NA,NA,NA,NA,NA,NA,NA,NA,NA,NA,NA,NA,NA,NA,NA,NA,NA,NA,NA,NA,NA,"2021-2022","No virtual instruction","Schoolwide",2615,1,NA,NA,518,528,2,24,518,294,0,40,168,1046,1046,0.198087954110899,0.201912045889101,0.4,0.000764818355640535,0.00917782026768642,0.198087954110899,0.112428298279159,0,0.0152963671128107,0.064244741873805,0.4,NA,0,0,0,0,0,0,0,0,NA,NA,0,NA,NA,NA,NA,NA,NA,NA,NA,TRUE
"MN","MINNESOTA","2741880","WASECA PUBLIC SCHOOL DISTRICT",1747,"HARTLEY ELEMENTARY","274188001747","No",NA,NA,NA,NA,NA,NA,NA,NA,NA,NA,NA,NA,NA,NA,NA,NA,NA,NA,NA,NA,NA,"2021-2022","No virtual instruction","Targeted",2105,1,NA,NA,NA,NA,NA,NA,NA,138,NA,42,618,0,798,NA,NA,0,NA,NA,NA,0.0655581947743468,NA,0.0199524940617577,0.293586698337292,0.379097387173397,NA,0,0,0,0,0,0,0,0,NA,NA,0,NA,NA,NA,NA,NA,NA,NA,NA,TRUE
"AK","Alaska","0200100","Delta/Greely School District",764,"Delta Junction Junior High School","020010000764","No",NA,NA,NA,NA,NA,NA,NA,NA,NA,NA,NA,NA,NA,NA,NA,NA,NA,NA,NA,NA,NA,"2020-2021","No virtual instruction","Targeted",570,NA,1,NA,116,112,8,0,0,22,6,14,178,228,228,0.508771929824561,0.491228070175439,NA,0.0350877192982456,0,0,0.0964912280701754,0.0263157894736842,0.0614035087719298,0.780701754385965,NA,NA,0,0,0,0,0,0,0,0,NA,NA,0,NA,NA,NA,NA,NA,NA,NA,NA,TRUE
"AL","ALABAMA","0103210","Tallapoosa County",1229,"Dadeville High School","010321001229","No",6,1,0,1,0,1,0,0,0,28,24,35,27,0,0,66,51,0,0,4,3,"2021-2022","No virtual instruction","Targeted",2450,NA,1,1,490,490,4,2,470,16,0,6,482,980,980,0.2,0.2,0.4,0.00163265306122449,0.000816326530612245,0.191836734693878,0.00653061224489796,0,0.00244897959183673,0.196734693877551,0.4,117,62,52,1,1,1,0,7,0,0.564102564102564,0.435897435897436,117,FALSE,117,0.444444444444444,0.52991452991453,0.00854700854700855,0.00854700854700855,0.00854700854700855,0,TRUE
"MO","Missouri","2929280","St. Louis City",1888,"Bryan Hill Elem.","292928001888","No",NA,NA,NA,NA,NA,NA,NA,NA,NA,NA,NA,NA,NA,NA,NA,NA,NA,NA,NA,NA,NA,"2020-2021","No virtual instruction","Schoolwide",720,1,NA,NA,NA,NA,NA,NA,288,NA,NA,NA,NA,0,288,NA,NA,NA,NA,NA,1,NA,NA,NA,NA,NA,NA,0,0,0,0,0,0,0,0,NA,NA,0,NA,NA,NA,NA,NA,NA,NA,NA,TRUE
"OK","Oklahoma","4025200","Pryor",1321,"Lincoln Es","402520001321","No",NA,NA,NA,NA,NA,NA,NA,NA,NA,NA,NA,NA,NA,NA,NA,NA,NA,NA,NA,NA,NA,"2020-2021","No virtual instruction","Schoolwide",2740,1,NA,NA,NA,NA,304,NA,NA,90,NA,234,454,0,1082,NA,NA,NA,0.280961182994455,NA,NA,0.0831792975970425,NA,0.216266173752311,0.419593345656192,NA,NA,0,0,0,0,0,0,0,0,NA,NA,0,NA,NA,NA,NA,NA,NA,NA,NA,TRUE
"KS","KANSAS","2012000","Blue Valley",994,"Prairie Star Middle","201200000994","No",NA,NA,NA,NA,NA,NA,NA,NA,NA,NA,NA,NA,NA,NA,NA,NA,NA,NA,NA,NA,NA,"2021-2022","No virtual instruction","Not_TitleI",2245,NA,1,NA,NA,NA,NA,158,NA,36,NA,50,626,0,870,NA,NA,0,NA,0.0703786191536748,NA,0.0160356347438753,NA,0.022271714922049,0.278841870824053,0.387527839643653,NA,0,0,0,0,0,0,0,0,NA,NA,0,NA,NA,NA,NA,NA,NA,NA,NA,TRUE
"IL","ILLINOIS","1736600","County of Winnebago SD 320",2341,"South Beloit Jr High School","173660002341","No",NA,NA,NA,NA,NA,NA,NA,NA,NA,NA,NA,NA,NA,NA,NA,NA,NA,NA,NA,NA,NA,"2021-2022","No virtual instruction","Schoolwide",825,NA,1,NA,NA,NA,NA,NA,26,102,NA,30,170,0,328,NA,NA,0,NA,NA,0.0315151515151515,0.123636363636364,NA,0.0363636363636364,0.206060606060606,0.397575757575758,NA,0,0,0,0,0,0,0,0,NA,NA,0,NA,NA,NA,NA,NA,NA,NA,NA,TRUE
"TN","Tennessee","4704020","Sumner County",1678,"V G Hawkins Middle School","470402001678","No",NA,NA,NA,NA,NA,NA,NA,NA,NA,NA,NA,NA,NA,NA,NA,NA,NA,NA,NA,NA,NA,"2020-2021","No virtual instruction","Targeted",2180,NA,1,NA,NA,NA,NA,NA,110,100,NA,28,610,0,848,NA,NA,NA,NA,NA,0.129716981132075,0.117924528301887,NA,0.0330188679245283,0.719339622641509,NA,NA,0,0,0,0,0,0,0,0,NA,NA,0,NA,NA,NA,NA,NA,NA,NA,NA,TRUE
"SC","SOUTH CAROLINA","4503390","Richland 02",1443,"Summit Parkway Middle","450339001443","No",NA,NA,NA,NA,NA,NA,NA,NA,NA,NA,NA,NA,NA,NA,NA,NA,NA,NA,NA,NA,NA,"2021-2022","Supplemental Virtual","Not_TitleI",5625,1,1,NA,1114,1136,4,46,1332,286,6,158,418,2250,2250,0.198044444444444,0.201955555555556,0.4,0.000711111111111111,0.00817777777777778,0.2368,0.0508444444444444,0.00106666666666667,0.0280888888888889,0.0743111111111111,0.4,NA,0,0,0,0,0,0,0,0,NA,NA,0,NA,NA,NA,NA,NA,NA,NA,NA,TRUE
"MI","Michigan","2615390","Fruitport Community Schools",7455,"Beach Elementary School","261539007455","No",NA,NA,NA,NA,NA,NA,NA,NA,NA,NA,NA,NA,NA,NA,NA,NA,NA,NA,NA,NA,NA,"2020-2021","Supplemental Virtual","Schoolwide",1545,1,NA,NA,NA,NA,NA,NA,NA,NA,NA,NA,NA,0,0,NA,NA,NA,NA,NA,NA,NA,NA,NA,NA,NA,NA,0,0,0,0,0,0,0,0,NA,NA,0,NA,NA,NA,NA,NA,NA,NA,NA,TRUE
"AL","ALABAMA","0103580","Winston County",1359,"Lynn High School","010358001359","No",1,0,0,0,0,0,0,0,0,0,0,1,8,0,0,1,8,0,0,0,0,"2021-2022","No virtual instruction","Not_TitleI",1225,1,1,1,244,246,0,0,2,10,0,0,478,490,490,0.199183673469388,0.200816326530612,0.4,0,0,0.00163265306122449,0.00816326530612245,0,0,0.390204081632653,0.4,9,9,0,0,0,0,0,0,0,0.111111111111111,0.888888888888889,9,FALSE,9,0,1,0,0,0,0,TRUE
"NC","North Carolina","3703780","Randolph County School System",1528,"Randleman Middle School","370378001528","No",NA,NA,NA,NA,NA,NA,NA,NA,NA,NA,NA,NA,NA,NA,NA,NA,NA,NA,NA,NA,NA,"2020-2021","No virtual instruction","Schoolwide",4290,1,1,NA,844,872,4,10,78,488,0,100,1036,1716,1716,0.491841491841492,0.508158508158508,NA,0.00233100233100233,0.00582750582750583,0.0454545454545455,0.284382284382284,0,0.0582750582750583,0.603729603729604,NA,NA,0,0,0,0,0,0,0,0,NA,NA,0,NA,NA,NA,NA,NA,NA,NA,NA,TRUE
"FL","Florida","1200150","Brevard",93,"Cambridge Elementary Magnet School","120015000093","No",NA,NA,NA,NA,NA,NA,NA,NA,NA,NA,NA,NA,NA,NA,NA,NA,NA,NA,NA,NA,NA,"2020-2021","No virtual instruction","Schoolwide",2595,1,1,NA,496,542,0,0,348,414,6,80,190,1038,1038,0.477842003853565,0.522157996146435,NA,0,0,0.335260115606936,0.398843930635838,0.00578034682080925,0.0770712909441233,0.183044315992293,NA,NA,0,0,0,0,0,0,0,0,NA,NA,0,NA,NA,NA,NA,NA,NA,NA,NA,TRUE
"PA","Pennsylvania","4207680","Dover Area Sd",7686,"Dover Area Ms","420768007686","No",NA,NA,NA,NA,NA,NA,NA,NA,NA,NA,NA,NA,NA,NA,NA,NA,NA,NA,NA,NA,NA,"2020-2021","Supplemental Virtual","Schoolwide",4210,NA,1,1,794,890,8,8,86,196,4,84,1298,1684,1684,0.471496437054632,0.528503562945368,NA,0.00475059382422803,0.00475059382422803,0.0510688836104513,0.116389548693587,0.00237529691211401,0.0498812351543943,0.770783847980998,NA,NA,0,0,0,0,0,0,0,0,NA,NA,0,NA,NA,NA,NA,NA,NA,NA,NA,TRUE
"IN","Indiana","1803240","Edinburgh Community School Corp",422,"Edinburgh Community High School","180324000422","No",0,NA,NA,NA,NA,NA,NA,NA,NA,NA,NA,NA,NA,NA,NA,NA,NA,NA,NA,NA,NA,"2020-2021","No virtual instruction","Schoolwide",1150,NA,NA,1,NA,NA,NA,NA,NA,NA,NA,NA,426,0,426,NA,NA,NA,NA,NA,NA,NA,NA,NA,1,NA,NA,0,0,0,0,0,0,0,0,NA,NA,0,NA,NA,NA,NA,NA,NA,NA,NA,TRUE
"NJ","NEW JERSEY","3404500","Edison Township School District",3352,"Lindeneau Elementary School","340450003352","No",NA,NA,NA,NA,NA,NA,NA,NA,NA,NA,NA,NA,NA,NA,NA,NA,NA,NA,NA,NA,NA,"2021-2022","No virtual instruction","Schoolwide",2220,1,NA,NA,NA,NA,NA,190,108,380,NA,NA,NA,0,678,NA,NA,0,NA,0.0855855855855856,0.0486486486486487,0.171171171171171,NA,NA,NA,0.305405405405405,NA,0,0,0,0,0,0,0,0,NA,NA,0,NA,NA,NA,NA,NA,NA,NA,NA,TRUE
"LA","Louisiana","2200840","Jefferson Parish",640,"Ella C. Pittman Elementary School","220084000640","No",NA,NA,NA,NA,NA,NA,NA,NA,NA,NA,NA,NA,NA,NA,NA,NA,NA,NA,NA,NA,NA,"2020-2021","No virtual instruction","Schoolwide",2465,1,NA,NA,NA,NA,NA,NA,512,136,NA,NA,254,0,902,NA,NA,NA,NA,NA,0.567627494456763,0.150776053215078,NA,NA,0.28159645232816,NA,NA,0,0,0,0,0,0,0,0,NA,NA,0,NA,NA,NA,NA,NA,NA,NA,NA,TRUE
"MS","MISSISSIPPI","2804770","YAZOO CITY MUNICIPAL SCHOOL DIST",888,"YAZOO CITY HIGH SCHOOL","280477000888","No",0,NA,NA,NA,NA,NA,NA,NA,NA,NA,NA,NA,NA,NA,NA,NA,NA,NA,NA,NA,NA,"2021-2022","No virtual instruction","Schoolwide",3060,NA,NA,1,NA,NA,NA,NA,1214,NA,NA,NA,NA,0,1214,NA,NA,0,NA,NA,0.396732026143791,NA,NA,NA,NA,0.396732026143791,NA,0,0,0,0,0,0,0,0,NA,NA,0,NA,NA,NA,NA,NA,NA,NA,NA,TRUE
"UT","UTAH","4900360","Granite District",653,"Douglas T. Orchard School","490036000653","No",NA,NA,NA,NA,NA,NA,NA,NA,NA,NA,NA,NA,NA,NA,NA,NA,NA,NA,NA,NA,NA,"2021-2022","No virtual instruction","Not_TitleI",2405,1,1,NA,NA,NA,NA,NA,NA,NA,NA,NA,NA,0,0,NA,NA,0,NA,NA,NA,NA,NA,NA,NA,0,NA,0,0,0,0,0,0,0,0,NA,NA,0,NA,NA,NA,NA,NA,NA,NA,NA,TRUE
"HI","HAWAII","1500030","Hawaii Department of Education",135,"Barbers Point Elementary School","150003000135","No",NA,NA,NA,NA,NA,NA,NA,NA,NA,NA,NA,NA,NA,NA,NA,NA,NA,NA,NA,NA,NA,"2021-2022","No virtual instruction","Schoolwide",2570,1,NA,NA,NA,NA,NA,NA,NA,250,312,NA,NA,0,562,NA,NA,0,NA,NA,NA,0.0972762645914397,0.121400778210117,NA,NA,0.218677042801556,NA,0,0,0,0,0,0,0,0,NA,NA,0,NA,NA,NA,NA,NA,NA,NA,NA,TRUE
"GA","Georgia","1302550","Gwinnett County",959,"Collins Hill High School","130255000959","No",19,35,10,1,0,31,15,0,0,46,8,39,7,6,2,158,42,8,2,17,2,"2020-2021","No virtual instruction","Not_TitleI",14110,NA,NA,1,2836,2808,14,680,1800,1750,2,262,1136,5644,5644,0.5024805102764,0.4975194897236,NA,0.00248051027639972,0.120481927710843,0.318922749822821,0.310063784549965,0.000354358610914245,0.0464209780297661,0.201275690999291,NA,200,46,54,45,46,1,8,19,10,0.79,0.21,200,FALSE,200,0.27,0.23,0.225,0.23,0.005,0.04,TRUE
"VA","VIRGINIA","5102640","NEWPORT NEWS CITY PBLC SCHS",2298,"MARY PASSAGE MIDDLE","510264002298","No",NA,NA,NA,NA,NA,NA,NA,NA,NA,NA,NA,NA,NA,NA,NA,NA,NA,NA,NA,NA,NA,"2021-2022","Supplemental Virtual","Not_TitleI",4925,NA,1,NA,950,1020,10,20,1084,310,18,200,328,1970,1970,0.192893401015228,0.207106598984772,0.4,0.00203045685279188,0.00406091370558376,0.22010152284264,0.0629441624365482,0.00365482233502538,0.0406091370558376,0.0665989847715736,0.4,NA,0,0,0,0,0,0,0,0,NA,NA,0,NA,NA,NA,NA,NA,NA,NA,NA,TRUE
"LA","Louisiana","2200870","Lafayette Parish",1397,"N. P. Moss Preparatory Academy","220087001397","No",4,1,0,0,0,0,0,0,0,2,1,1,2,0,0,4,3,1,0,1,2,"2020-2021","No virtual instruction","Schoolwide",95,1,1,1,NA,NA,NA,NA,NA,NA,NA,NA,NA,0,0,NA,NA,NA,NA,NA,NA,NA,NA,NA,NA,NA,7,3,3,1,0,0,0,3,1,0.571428571428571,0.428571428571429,7,FALSE,7,0.428571428571429,0.428571428571429,0.142857142857143,0,0,0,TRUE
"WI","WISCONSIN","5507320","Kenosha School District",816,"Brass Community School","550732000816","No",NA,NA,NA,NA,NA,NA,NA,NA,NA,NA,NA,NA,NA,NA,NA,NA,NA,NA,NA,NA,NA,"2021-2022","Supplemental Virtual","Schoolwide",1840,1,NA,NA,NA,NA,NA,NA,230,266,NA,96,140,0,732,NA,NA,0,NA,NA,0.125,0.144565217391304,NA,0.0521739130434783,0.0760869565217391,0.397826086956522,NA,0,0,0,0,0,0,0,0,NA,NA,0,NA,NA,NA,NA,NA,NA,NA,NA,TRUE
"CA","CALIFORNIA","0601484","PUC Triumph CHRTR Academy & PUC Triumph CHRTR High District",12812,"PUC Triumph Charter Academy and PUC Triumph Charter High","060148412812","No",2,15,6,0,0,0,0,0,0,0,0,0,0,0,0,15,6,0,0,0,0,"2021-2022","Not reported","Mixed",3915,NA,1,1,NA,NA,NA,NA,NA,1492,NA,NA,NA,0,1492,NA,NA,0,NA,NA,NA,0.381098339719029,NA,NA,NA,0.381098339719029,21,0,0,21,0,0,0,0,0,0.714285714285714,0.285714285714286,21,FALSE,21,0,0,1,0,0,0,TRUE
"PA","PENNSYLVANIA","4200893","Independence CS West",7600,"Independence CS West","420089307600","No",NA,NA,NA,NA,NA,NA,NA,NA,NA,NA,NA,NA,NA,NA,NA,NA,NA,NA,NA,NA,NA,"2021-2022","No virtual instruction","Schoolwide",3860,1,1,NA,798,746,6,0,1380,66,0,38,54,1544,1544,0.206735751295337,0.193264248704663,0.4,0.00155440414507772,0,0.357512953367876,0.0170984455958549,0,0.00984455958549223,0.0139896373056995,0.4,NA,0,0,0,0,0,0,0,0,NA,NA,0,NA,NA,NA,NA,NA,NA,NA,NA,TRUE
"WY","WYOMING","5605695","Sheridan County School District #2",317,"Highland Park Elementary","560569500317","No",NA,NA,NA,NA,NA,NA,NA,NA,NA,NA,NA,NA,NA,NA,NA,NA,NA,NA,NA,NA,NA,"2021-2022","No virtual instruction","Not_TitleI",1535,1,NA,NA,274,340,6,0,2,36,0,38,532,614,614,0.178501628664495,0.221498371335505,0.4,0.00390879478827362,0,0.00130293159609121,0.0234527687296417,0,0.0247557003257329,0.346579804560261,0.4,NA,0,0,0,0,0,0,0,0,NA,NA,0,NA,NA,NA,NA,NA,NA,NA,NA,TRUE
"NY","New York","3609060","Deposit Central School District",694,"Deposit Middle-Senior High School","360906000694","No",0,NA,NA,NA,NA,NA,NA,NA,NA,NA,NA,NA,NA,NA,NA,NA,NA,NA,NA,NA,NA,"2020-2021","Supplemental Virtual","Schoolwide",1360,NA,1,1,NA,NA,NA,NA,NA,NA,NA,NA,496,0,496,NA,NA,NA,NA,NA,NA,NA,NA,NA,1,NA,NA,0,0,0,0,0,0,0,0,NA,NA,0,NA,NA,NA,NA,NA,NA,NA,NA,TRUE
"IL","ILLINOIS","1741250","Waukegan CUSD 60",4129,"H R McCall Elem School","174125004129","No",NA,NA,NA,NA,NA,NA,NA,NA,NA,NA,NA,NA,NA,NA,NA,NA,NA,NA,NA,NA,NA,"2021-2022","No virtual instruction","Schoolwide",1955,1,NA,NA,NA,NA,NA,NA,116,566,NA,NA,NA,0,682,NA,NA,0,NA,NA,0.0593350383631714,0.289514066496164,NA,NA,NA,0.348849104859335,NA,0,0,0,0,0,0,0,0,NA,NA,0,NA,NA,NA,NA,NA,NA,NA,NA,TRUE
"MT","Montana","3009840","Elysian Elem",276,"Elysian School","300984000276","No",NA,NA,NA,NA,NA,NA,NA,NA,NA,NA,NA,NA,NA,NA,NA,NA,NA,NA,NA,NA,NA,"2020-2021","No virtual instruction","Targeted",1300,1,NA,NA,250,270,16,4,8,34,0,14,444,520,520,0.480769230769231,0.519230769230769,NA,0.0307692307692308,0.00769230769230769,0.0153846153846154,0.0653846153846154,0,0.0269230769230769,0.853846153846154,NA,NA,0,0,0,0,0,0,0,0,NA,NA,0,NA,NA,NA,NA,NA,NA,NA,NA,TRUE
"OH","Ohio","3904357","Bellaire Local",135,"Bellaire High School","390435700135","No",0,NA,NA,NA,NA,NA,NA,NA,NA,NA,NA,NA,NA,NA,NA,NA,NA,NA,NA,NA,NA,"2020-2021","No virtual instruction","Schoolwide",1505,NA,NA,1,278,324,0,0,18,14,0,44,526,602,602,0.461794019933555,0.538205980066445,NA,0,0,0.0299003322259136,0.0232558139534884,0,0.0730897009966777,0.87375415282392,NA,NA,0,0,0,0,0,0,0,0,NA,NA,0,NA,NA,NA,NA,NA,NA,NA,NA,TRUE
"NJ","NEW JERSEY","3418060","Winslow Township School District",6062,"Winslow Township Elementary School Five","341806006062","No",NA,NA,NA,NA,NA,NA,NA,NA,NA,NA,NA,NA,NA,NA,NA,NA,NA,NA,NA,NA,NA,"2021-2022","No virtual instruction","Schoolwide",3075,1,1,NA,NA,NA,NA,NA,618,294,NA,42,240,0,1194,NA,NA,0,NA,NA,0.200975609756098,0.095609756097561,NA,0.0136585365853659,0.0780487804878049,0.388292682926829,NA,0,0,0,0,0,0,0,0,NA,NA,0,NA,NA,NA,NA,NA,NA,NA,NA,TRUE
"TX","Texas","4843400","Turkey-Quitaque Isd",4926,"Valley School","484340004926","No",1,0,4,0,0,0,0,0,0,1,0,9,6,0,0,10,10,0,1,0,0,"2020-2021","Missing","Schoolwide",975,1,1,1,166,224,0,0,4,120,0,6,260,390,390,0.425641025641026,0.574358974358974,NA,0,0,0.0102564102564103,0.307692307692308,0,0.0153846153846154,0.666666666666667,NA,20,15,1,4,0,0,0,0,1,0.5,0.5,20,FALSE,20,0.05,0.75,0.2,0,0,0,TRUE
"NY","New York","3600016","Averill Park Central School District",111,"Averill Park High School","360001600111","No",3,7,1,0,0,0,0,0,0,0,0,75,9,0,1,82,11,2,0,17,3,"2020-2021","Supplemental Virtual","Not_TitleI",4365,NA,NA,1,NA,NA,NA,NA,NA,NA,NA,NA,1592,0,1592,NA,NA,NA,NA,NA,NA,NA,NA,NA,1,NA,93,84,0,8,0,0,1,20,2,0.881720430107527,0.118279569892473,93,FALSE,93,0,0.903225806451613,0.0860215053763441,0,0,0.010752688172043,TRUE
"KS","Kansas","2008370","Ft Larned",1355,"Larned Sr High","200837001355","No",0,NA,NA,NA,NA,NA,NA,NA,NA,NA,NA,NA,NA,NA,NA,NA,NA,NA,NA,NA,NA,"2020-2021","No virtual instruction","Schoolwide",1255,NA,NA,1,NA,NA,NA,NA,NA,58,NA,NA,404,0,462,NA,NA,NA,NA,NA,NA,0.125541125541126,NA,NA,0.874458874458874,NA,NA,0,0,0,0,0,0,0,0,NA,NA,0,NA,NA,NA,NA,NA,NA,NA,NA,TRUE
"IL","ILLINOIS","1706930","Bradley SD 61",853,"Bradley Central Middle School","170693000853","No",NA,NA,NA,NA,NA,NA,NA,NA,NA,NA,NA,NA,NA,NA,NA,NA,NA,NA,NA,NA,NA,"2021-2022","No virtual instruction","Schoolwide",2275,1,1,NA,NA,NA,NA,NA,NA,NA,NA,NA,NA,0,0,NA,NA,0,NA,NA,NA,NA,NA,NA,NA,0,NA,0,0,0,0,0,0,0,0,NA,NA,0,NA,NA,NA,NA,NA,NA,NA,NA,TRUE
"MD","MARYLAND","2400060","Anne Arundel County Public Schools",1687,"Monarch Academy","240006001687","No",NA,NA,NA,NA,NA,NA,NA,NA,NA,NA,NA,NA,NA,NA,NA,NA,NA,NA,NA,NA,NA,"2021-2022","Supplemental Virtual","Not_TitleI",3395,1,1,NA,NA,NA,NA,NA,508,132,NA,104,560,0,1304,NA,NA,0,NA,NA,0.149631811487482,0.038880706921944,NA,0.0306332842415317,0.164948453608247,0.384094256259205,NA,0,0,0,0,0,0,0,0,NA,NA,0,NA,NA,NA,NA,NA,NA,NA,NA,TRUE
"PA","PENNSYLVANIA","4203570","Bethlehem Area SD",6722,"Donegan El Sch","420357006722","No",NA,NA,NA,NA,NA,NA,NA,NA,NA,NA,NA,NA,NA,NA,NA,NA,NA,NA,NA,NA,NA,"2021-2022","No virtual instruction","Schoolwide",2350,1,NA,NA,484,456,0,10,134,736,0,8,52,940,940,0.205957446808511,0.194042553191489,0.4,0,0.00425531914893617,0.0570212765957447,0.313191489361702,0,0.00340425531914894,0.0221276595744681,0.4,NA,0,0,0,0,0,0,0,0,NA,NA,0,NA,NA,NA,NA,NA,NA,NA,NA,TRUE
"WV","WEST VIRGINIA","5400930","MONONGALIA COUNTY SCHOOLS",73,"CHEAT LAKE ELEMENTARY SCHOOL","540093000073","No",NA,NA,NA,NA,NA,NA,NA,NA,NA,NA,NA,NA,NA,NA,NA,NA,NA,NA,NA,NA,NA,"2021-2022","Supplemental Virtual","Not_TitleI",3940,1,NA,NA,NA,NA,NA,NA,NA,NA,NA,NA,1458,0,1458,NA,NA,0,NA,NA,NA,NA,NA,NA,0.37005076142132,0.37005076142132,NA,0,0,0,0,0,0,0,0,NA,NA,0,NA,NA,NA,NA,NA,NA,NA,NA,TRUE
"PA","PENNSYLVANIA","4210740","Girard SD",2042,"Elk Valley El Sch","421074002042","No",NA,NA,NA,NA,NA,NA,NA,NA,NA,NA,NA,NA,NA,NA,NA,NA,NA,NA,NA,NA,NA,"2021-2022","No virtual instruction","Schoolwide",2860,1,NA,NA,526,618,2,4,20,4,0,72,1042,1144,1144,0.183916083916084,0.216083916083916,0.4,0.000699300699300699,0.0013986013986014,0.00699300699300699,0.0013986013986014,0,0.0251748251748252,0.364335664335664,0.4,NA,0,0,0,0,0,0,0,0,NA,NA,0,NA,NA,NA,NA,NA,NA,NA,NA,TRUE
"MS","MISSISSIPPI","2804320","TUPELO PUBLIC SCHOOL DIST",1256,"PARKWAY ELEMENTARY SCHOOL","280432001256","No",NA,NA,NA,NA,NA,NA,NA,NA,NA,NA,NA,NA,NA,NA,NA,NA,NA,NA,NA,NA,NA,"2021-2022","No virtual instruction","Schoolwide",1965,1,NA,NA,NA,NA,NA,NA,428,62,NA,NA,NA,0,490,NA,NA,0,NA,NA,0.217811704834606,0.0315521628498728,NA,NA,NA,0.249363867684478,NA,0,0,0,0,0,0,0,0,NA,NA,0,NA,NA,NA,NA,NA,NA,NA,NA,TRUE
"ID","IDAHO","1602970","SNAKE RIVER DISTRICT",519,"ROCKFORD ELEMENTARY SCHOOL","160297000519","No",NA,NA,NA,NA,NA,NA,NA,NA,NA,NA,NA,NA,NA,NA,NA,NA,NA,NA,NA,NA,NA,"2021-2022","No virtual instruction","Schoolwide",685,1,NA,NA,132,142,0,0,0,34,0,2,238,274,274,0.192700729927007,0.207299270072993,0.4,0,0,0,0.0496350364963504,0,0.00291970802919708,0.347445255474453,0.4,NA,0,0,0,0,0,0,0,0,NA,NA,0,NA,NA,NA,NA,NA,NA,NA,NA,TRUE
"MA","MASSACHUSETTS","2502790","Boston",218,"Guild Elementary School","250279000218","No",NA,NA,NA,NA,NA,NA,NA,NA,NA,NA,NA,NA,NA,NA,NA,NA,NA,NA,NA,NA,NA,"2021-2022","No virtual instruction","Schoolwide",1210,1,1,NA,NA,NA,NA,NA,NA,378,NA,NA,NA,0,378,NA,NA,0,NA,NA,NA,0.312396694214876,NA,NA,NA,0.312396694214876,NA,0,0,0,0,0,0,0,0,NA,NA,0,NA,NA,NA,NA,NA,NA,NA,NA,TRUE
"SC","SOUTH CAROLINA","4503660","Spartanburg 07",1710,"Drayton Mills Elementary","450366001710","No",NA,NA,NA,NA,NA,NA,NA,NA,NA,NA,NA,NA,NA,NA,NA,NA,NA,NA,NA,NA,NA,"2021-2022","Supplemental Virtual","Schoolwide",3785,1,NA,NA,810,704,8,38,720,282,6,120,340,1514,1514,0.214002642007926,0.185997357992074,0.4,0.00211360634081902,0.0100396301188904,0.190224570673712,0.0745046235138705,0.00158520475561427,0.0317040951122853,0.0898282694848085,0.4,NA,0,0,0,0,0,0,0,0,NA,NA,0,NA,NA,NA,NA,NA,NA,NA,NA,TRUE
"OH","Ohio","3904668","Tri-Village Local",6050,"Preschool At Tri-Village High School","390466806050","No",NA,NA,NA,NA,NA,NA,NA,NA,NA,NA,NA,NA,NA,NA,NA,NA,NA,NA,NA,NA,NA,"2020-2021","No virtual instruction","Not_TitleI",0,1,NA,NA,0,0,0,0,0,0,0,0,0,0,0,NA,NA,NA,NA,NA,NA,NA,NA,NA,NA,NA,NA,0,0,0,0,0,0,0,0,NA,NA,0,NA,NA,NA,NA,NA,NA,NA,NA,TRUE
"CA","California","0634320","San Diego Unified",5422,"Birney Elementary","063432005422","No",NA,NA,NA,NA,NA,NA,NA,NA,NA,NA,NA,NA,NA,NA,NA,NA,NA,NA,NA,NA,NA,"2020-2021","Not reported","Mixed",2690,1,NA,NA,NA,NA,NA,50,96,396,NA,152,374,0,1068,NA,NA,NA,NA,0.0468164794007491,0.0898876404494382,0.370786516853933,NA,0.142322097378277,0.350187265917603,NA,NA,0,0,0,0,0,0,0,0,NA,NA,0,NA,NA,NA,NA,NA,NA,NA,NA,TRUE
"NE","NEBRASKA","3176470","SCOTTSBLUFF PUBLIC SCHOOLS",1578,"LINCOLN HEIGHTS ELEMENTARY SCH","317647001578","No",NA,NA,NA,NA,NA,NA,NA,NA,NA,NA,NA,NA,NA,NA,NA,NA,NA,NA,NA,NA,NA,"2021-2022","No virtual instruction","Schoolwide",1590,1,NA,NA,296,340,0,12,0,310,2,28,284,636,636,0.186163522012579,0.213836477987421,0.4,0,0.00754716981132075,0,0.19496855345912,0.00125786163522013,0.0176100628930818,0.178616352201258,0.4,NA,0,0,0,0,0,0,0,0,NA,NA,0,NA,NA,NA,NA,NA,NA,NA,NA,TRUE
"WV","West Virginia","5400570","Jefferson County Schools",343,"Harpers Ferry Middle School","540057000343","No",NA,NA,NA,NA,NA,NA,NA,NA,NA,NA,NA,NA,NA,NA,NA,NA,NA,NA,NA,NA,NA,"2020-2021","Supplemental Virtual","Not_TitleI",3155,NA,1,NA,NA,NA,NA,NA,NA,134,NA,84,1010,0,1228,NA,NA,NA,NA,NA,NA,0.109120521172638,NA,0.0684039087947883,0.822475570032573,NA,NA,0,0,0,0,0,0,0,0,NA,NA,0,NA,NA,NA,NA,NA,NA,NA,NA,TRUE
"AZ","ARIZONA","0407700","Show Low Unified District (4393)",1435,"Nikolaus Homestead Elementary School","040770001435","No",NA,NA,NA,NA,NA,NA,NA,NA,NA,NA,NA,NA,NA,NA,NA,NA,NA,NA,NA,NA,NA,"2021-2022","No virtual instruction","Schoolwide",2025,1,NA,NA,368,442,42,10,12,166,2,4,574,810,810,0.181728395061728,0.218271604938272,0.4,0.0207407407407407,0.00493827160493827,0.00592592592592593,0.0819753086419753,0.000987654320987654,0.00197530864197531,0.283456790123457,0.4,NA,0,0,0,0,0,0,0,0,NA,NA,0,NA,NA,NA,NA,NA,NA,NA,NA,TRUE
"IL","ILLINOIS","1734110","Riverview CCSD 2",3500,"Riverview Elem School","173411003500","No",NA,NA,NA,NA,NA,NA,NA,NA,NA,NA,NA,NA,NA,NA,NA,NA,NA,NA,NA,NA,NA,"2021-2022","No virtual instruction","Targeted",1170,1,1,NA,NA,NA,NA,NA,NA,NA,NA,NA,406,0,406,NA,NA,0,NA,NA,NA,NA,NA,NA,0.347008547008547,0.347008547008547,NA,0,0,0,0,0,0,0,0,NA,NA,0,NA,NA,NA,NA,NA,NA,NA,NA,TRUE
"CO","COLORADO","0805580","McClave School District No. Re-2",962,"McClave Elementary School","080558000962","No",NA,NA,NA,NA,NA,NA,NA,NA,NA,NA,NA,NA,NA,NA,NA,NA,NA,NA,NA,NA,NA,"2021-2022","No virtual instruction","Schoolwide",620,1,1,NA,NA,NA,NA,NA,NA,NA,NA,NA,176,0,176,NA,NA,0,NA,NA,NA,NA,NA,NA,0.283870967741935,0.283870967741935,NA,0,0,0,0,0,0,0,0,NA,NA,0,NA,NA,NA,NA,NA,NA,NA,NA,TRUE
"CA","California","0691135","Val Verde Unified",10284,"Val Verde High","069113510284","No",0,NA,NA,NA,NA,NA,NA,NA,NA,NA,NA,NA,NA,NA,NA,NA,NA,NA,NA,NA,NA,"2020-2021","Not reported","Mixed",1600,NA,NA,1,NA,NA,NA,NA,NA,500,NA,NA,NA,0,500,NA,NA,NA,NA,NA,NA,1,NA,NA,NA,NA,NA,0,0,0,0,0,0,0,0,NA,NA,0,NA,NA,NA,NA,NA,NA,NA,NA,TRUE
"MI","Michigan","2601090","East Shore Leadership Academy",8657,"East Shore Leadership Academy","260109008657","No",NA,NA,NA,NA,NA,NA,NA,NA,NA,NA,NA,NA,NA,NA,NA,NA,NA,NA,NA,NA,NA,"2020-2021","Supplemental Virtual","Schoolwide",890,1,1,NA,162,194,2,0,68,14,0,66,206,356,356,0.455056179775281,0.544943820224719,NA,0.00561797752808989,0,0.191011235955056,0.0393258426966292,0,0.185393258426966,0.578651685393258,NA,NA,0,0,0,0,0,0,0,0,NA,NA,0,NA,NA,NA,NA,NA,NA,NA,NA,TRUE
"FL","Florida","1200180","Broward",271,"North Lauderdale Pk-8","120018000271","No",NA,NA,NA,NA,NA,NA,NA,NA,NA,NA,NA,NA,NA,NA,NA,NA,NA,NA,NA,NA,NA,"2020-2021","No virtual instruction","Schoolwide",3680,1,1,NA,712,760,0,26,1156,172,10,34,74,1472,1472,0.483695652173913,0.516304347826087,NA,0,0.0176630434782609,0.785326086956522,0.116847826086957,0.00679347826086957,0.0230978260869565,0.0502717391304348,NA,NA,0,0,0,0,0,0,0,0,NA,NA,0,NA,NA,NA,NA,NA,NA,NA,NA,TRUE
"IL","Illinois","1709930","City Of Chicago Sd 299",807,"Gregory Math & Sci Elem Academy","170993000807","No",NA,NA,NA,NA,NA,NA,NA,NA,NA,NA,NA,NA,NA,NA,NA,NA,NA,NA,NA,NA,NA,"2020-2021","Not reported","Mixed",1580,1,1,1,NA,NA,NA,NA,NA,NA,NA,NA,NA,0,0,NA,NA,NA,NA,NA,NA,NA,NA,NA,NA,NA,NA,0,0,0,0,0,0,0,0,NA,NA,0,NA,NA,NA,NA,NA,NA,NA,NA,TRUE
"OH","OHIO","3905004","Nordonia Hills City",3814,"Rushwood Elementary School","390500403814","No",NA,NA,NA,NA,NA,NA,NA,NA,NA,NA,NA,NA,NA,NA,NA,NA,NA,NA,NA,NA,NA,"2021-2022","No virtual instruction","Targeted",1695,1,NA,NA,346,332,0,14,38,22,0,52,552,678,678,0.204129793510324,0.195870206489676,0.4,0,0.00825958702064897,0.0224188790560472,0.0129793510324484,0,0.0306784660766962,0.325663716814159,0.4,NA,0,0,0,0,0,0,0,0,NA,NA,0,NA,NA,NA,NA,NA,NA,NA,NA,TRUE
"TX","TEXAS","4821660","GRAPEVINE-COLLEYVILLE ISD",5737,"GRAPEVINE MIDDLE","482166005737","No",NA,NA,NA,NA,NA,NA,NA,NA,NA,NA,NA,NA,NA,NA,NA,NA,NA,NA,NA,NA,NA,"2021-2022","Missing","Schoolwide",3460,NA,1,NA,674,710,2,48,126,498,4,74,632,1384,1384,0.194797687861272,0.205202312138728,0.4,0.000578034682080925,0.0138728323699422,0.0364161849710983,0.14393063583815,0.00115606936416185,0.0213872832369942,0.182658959537572,0.4,NA,0,0,0,0,0,0,0,0,NA,NA,0,NA,NA,NA,NA,NA,NA,NA,NA,TRUE
"IL","Illinois","1735340","Sandridge Sd 172",3690,"Sandridge Elem School","173534003690","No",NA,NA,NA,NA,NA,NA,NA,NA,NA,NA,NA,NA,NA,NA,NA,NA,NA,NA,NA,NA,NA,"2020-2021","Not reported","Mixed",1690,1,1,NA,NA,NA,NA,NA,424,146,NA,NA,NA,0,570,NA,NA,NA,NA,NA,0.743859649122807,0.256140350877193,NA,NA,NA,NA,NA,0,0,0,0,0,0,0,0,NA,NA,0,NA,NA,NA,NA,NA,NA,NA,NA,TRUE
"IN","Indiana","1805400","Lafayette School Corporation",975,"Lafayette Tecumseh Jr High School","180540000975","No",NA,NA,NA,NA,NA,NA,NA,NA,NA,NA,NA,NA,NA,NA,NA,NA,NA,NA,NA,NA,NA,"2020-2021","No virtual instruction","Schoolwide",5825,NA,1,NA,NA,NA,NA,NA,458,680,NA,150,1026,0,2314,NA,NA,NA,NA,NA,0.197925669835782,0.293863439930856,NA,0.0648228176318064,0.443388072601556,NA,NA,0,0,0,0,0,0,0,0,NA,NA,0,NA,NA,NA,NA,NA,NA,NA,NA,TRUE
"MO","Missouri","2928860","Springfield R-Xii",1834,"Westport Elem.","292886001834","No",NA,NA,NA,NA,NA,NA,NA,NA,NA,NA,NA,NA,NA,NA,NA,NA,NA,NA,NA,NA,NA,"2020-2021","No virtual instruction","Schoolwide",1765,1,NA,NA,NA,NA,NA,NA,NA,78,NA,NA,490,0,568,NA,NA,NA,NA,NA,NA,0.137323943661972,NA,NA,0.862676056338028,NA,NA,0,0,0,0,0,0,0,0,NA,NA,0,NA,NA,NA,NA,NA,NA,NA,NA,TRUE
"CA","CALIFORNIA","0613890","Folsom-Cordova Unified",1580,"Peter J. Shields Elementary","061389001580","No",NA,NA,NA,NA,NA,NA,NA,NA,NA,NA,NA,NA,NA,NA,NA,NA,NA,NA,NA,NA,NA,"2021-2022","Not reported","Mixed",1575,1,NA,NA,NA,NA,NA,NA,NA,224,NA,74,250,0,548,NA,NA,0,NA,NA,NA,0.142222222222222,NA,0.046984126984127,0.158730158730159,0.347936507936508,NA,0,0,0,0,0,0,0,0,NA,NA,0,NA,NA,NA,NA,NA,NA,NA,NA,TRUE
"MA","MASSACHUSETTS","2507350","Marshfield",760,"Eames Way School","250735000760","No",NA,NA,NA,NA,NA,NA,NA,NA,NA,NA,NA,NA,NA,NA,NA,NA,NA,NA,NA,NA,NA,"2021-2022","No virtual instruction","Not_TitleI",1095,1,NA,NA,NA,NA,NA,NA,NA,NA,NA,NA,420,0,420,NA,NA,0,NA,NA,NA,NA,NA,NA,0.383561643835616,0.383561643835616,NA,0,0,0,0,0,0,0,0,NA,NA,0,NA,NA,NA,NA,NA,NA,NA,NA,TRUE
"IL","ILLINOIS","1737170","St Charles CUSD 303",1443,"Wredling Middle School","173717001443","No",NA,NA,NA,NA,NA,NA,NA,NA,NA,NA,NA,NA,NA,NA,NA,NA,NA,NA,NA,NA,NA,"2021-2022","No virtual instruction","Not_TitleI",7015,NA,1,NA,NA,NA,NA,332,60,378,NA,82,1942,0,2794,NA,NA,0,NA,0.0473271560940841,0.00855310049893086,0.0538845331432644,NA,0.0116892373485388,0.276835352815396,0.398289379900214,NA,0,0,0,0,0,0,0,0,NA,NA,0,NA,NA,NA,NA,NA,NA,NA,NA,TRUE
"CT","CONNECTICUT","0902670","New Britain School District",527,"Vance Elementary School","090267000527","No",NA,NA,NA,NA,NA,NA,NA,NA,NA,NA,NA,NA,NA,NA,NA,NA,NA,NA,NA,NA,NA,"2021-2022","Supplemental Virtual","Schoolwide",2155,1,NA,NA,NA,NA,NA,NA,NA,622,NA,NA,102,0,724,NA,NA,0,NA,NA,NA,0.288631090487239,NA,NA,0.0473317865429234,0.335962877030162,NA,0,0,0,0,0,0,0,0,NA,NA,0,NA,NA,NA,NA,NA,NA,NA,NA,TRUE
"LA","Louisiana","2200040","City Of Baker School District",410,"Park Ridge Academic Magnet School","220004000410","No",NA,NA,NA,NA,NA,NA,NA,NA,NA,NA,NA,NA,NA,NA,NA,NA,NA,NA,NA,NA,NA,"2020-2021","No virtual instruction","Schoolwide",855,1,1,NA,NA,NA,NA,NA,326,NA,NA,NA,NA,0,326,NA,NA,NA,NA,NA,1,NA,NA,NA,NA,NA,NA,0,0,0,0,0,0,0,0,NA,NA,0,NA,NA,NA,NA,NA,NA,NA,NA,TRUE
"LA","Louisiana","2200330","Calcasieu Parish",236,"Henry Heights Elementary School","220033000236","No",NA,NA,NA,NA,NA,NA,NA,NA,NA,NA,NA,NA,NA,NA,NA,NA,NA,NA,NA,NA,NA,"2020-2021","No virtual instruction","Schoolwide",1630,1,NA,NA,NA,NA,NA,NA,456,NA,NA,NA,114,0,570,NA,NA,NA,NA,NA,0.8,NA,NA,NA,0.2,NA,NA,0,0,0,0,0,0,0,0,NA,NA,0,NA,NA,NA,NA,NA,NA,NA,NA,TRUE
"OH","OHIO","3904435","Massillon City",5893,"Massillon Preschool","390443505893","No",NA,NA,NA,NA,NA,NA,NA,NA,NA,NA,NA,NA,NA,NA,NA,NA,NA,NA,NA,NA,NA,"2021-2022","No virtual instruction","Not_TitleI",730,1,NA,NA,116,176,0,0,20,20,0,56,196,292,292,0.158904109589041,0.241095890410959,0.4,0,0,0.0273972602739726,0.0273972602739726,0,0.0767123287671233,0.268493150684932,0.4,NA,0,0,0,0,0,0,0,0,NA,NA,0,NA,NA,NA,NA,NA,NA,NA,NA,TRUE
"NV","NEVADA","3200060","CLARK COUNTY SCHOOL DISTRICT",302,"Bowler  Grant ES","320006000302","No",NA,NA,NA,NA,NA,NA,NA,NA,NA,NA,NA,NA,NA,NA,NA,NA,NA,NA,NA,NA,NA,"2021-2022","No virtual instruction","Not_TitleI",3285,1,NA,NA,666,648,6,4,10,156,4,44,1090,1314,1314,0.202739726027397,0.197260273972603,0.4,0.00182648401826484,0.00121765601217656,0.0030441400304414,0.0474885844748858,0.00121765601217656,0.0133942161339422,0.331811263318113,0.4,NA,0,0,0,0,0,0,0,0,NA,NA,0,NA,NA,NA,NA,NA,NA,NA,NA,TRUE
"PA","Pennsylvania","4204500","Burgettstown Area Sd",4195,"Burgettstown Ms/Hs","420450004195","No",2,0,0,0,0,0,0,0,0,0,0,3,1,0,0,3,1,0,0,2,0,"2020-2021","Supplemental Virtual","Schoolwide",2790,NA,1,1,566,550,2,0,4,10,2,40,1058,1116,1116,0.507168458781362,0.492831541218638,NA,0.0017921146953405,0,0.003584229390681,0.00896057347670251,0.0017921146953405,0.03584229390681,0.948028673835125,NA,4,4,0,0,0,0,0,2,0,0.75,0.25,4,FALSE,4,0,1,0,0,0,0,TRUE
"IL","ILLINOIS","1703840","Antioch CCSD 34",4417,"Hillcrest Elementary School","170384004417","No",NA,NA,NA,NA,NA,NA,NA,NA,NA,NA,NA,NA,NA,NA,NA,NA,NA,NA,NA,NA,NA,"2021-2022","No virtual instruction","Schoolwide",3150,1,NA,NA,NA,NA,NA,NA,NA,280,NA,122,772,0,1174,NA,NA,0,NA,NA,NA,0.0888888888888889,NA,0.0387301587301587,0.245079365079365,0.372698412698413,NA,0,0,0,0,0,0,0,0,NA,NA,0,NA,NA,NA,NA,NA,NA,NA,NA,TRUE
"WV","WEST VIRGINIA","5401230","RALEIGH COUNTY SCHOOLS",940,"BECKLEY-STRATTON MIDDLE SCHOOL","540123000940","No",NA,NA,NA,NA,NA,NA,NA,NA,NA,NA,NA,NA,NA,NA,NA,NA,NA,NA,NA,NA,NA,"2021-2022","Supplemental Virtual","Not_TitleI",3315,NA,1,NA,NA,NA,NA,NA,256,40,NA,134,886,0,1316,NA,NA,0,NA,NA,0.0772247360482655,0.0120663650075415,NA,0.040422322775264,0.267269984917044,0.396983408748115,NA,0,0,0,0,0,0,0,0,NA,NA,0,NA,NA,NA,NA,NA,NA,NA,NA,TRUE
"TN","Tennessee","4703870","Smith County",1598,"Defeated Elementary","470387001598","No",NA,NA,NA,NA,NA,NA,NA,NA,NA,NA,NA,NA,NA,NA,NA,NA,NA,NA,NA,NA,NA,"2020-2021","No virtual instruction","Schoolwide",1305,1,1,NA,NA,NA,NA,NA,NA,NA,NA,NA,496,0,496,NA,NA,NA,NA,NA,NA,NA,NA,NA,1,NA,NA,0,0,0,0,0,0,0,0,NA,NA,0,NA,NA,NA,NA,NA,NA,NA,NA,TRUE
"CA","CALIFORNIA","0638700","Taft City",6508,"Roosevelt Elementary","063870006508","No",NA,NA,NA,NA,NA,NA,NA,NA,NA,NA,NA,NA,NA,NA,NA,NA,NA,NA,NA,NA,NA,"2021-2022","Not reported","Mixed",2460,1,1,NA,NA,NA,NA,NA,NA,NA,NA,NA,NA,0,0,NA,NA,0,NA,NA,NA,NA,NA,NA,NA,0,NA,0,0,0,0,0,0,0,0,NA,NA,0,NA,NA,NA,NA,NA,NA,NA,NA,TRUE
"ME","MAINE","2314700","RSU 60/MSAD 60",23180,"Vivian E Hussey School","231470023180","No",NA,NA,NA,NA,NA,NA,NA,NA,NA,NA,NA,NA,NA,NA,NA,NA,NA,NA,NA,NA,NA,"2021-2022","No virtual instruction","Targeted",1865,1,NA,NA,NA,NA,NA,NA,NA,NA,NA,NA,658,0,658,NA,NA,0,NA,NA,NA,NA,NA,NA,0.352815013404826,0.352815013404826,NA,0,0,0,0,0,0,0,0,NA,NA,0,NA,NA,NA,NA,NA,NA,NA,NA,TRUE
"OH","OHIO","3904367","Bryan City",211,"Bryan Elementary","390436700211","No",NA,NA,NA,NA,NA,NA,NA,NA,NA,NA,NA,NA,NA,NA,NA,NA,NA,NA,NA,NA,NA,"2021-2022","No virtual instruction","Schoolwide",4395,1,NA,NA,812,946,4,10,6,182,0,58,1498,1758,1758,0.184755403868032,0.215244596131968,0.4,0.000910125142207053,0.00227531285551763,0.00136518771331058,0.0414106939704209,0,0.0131968145620023,0.340841865756542,0.4,NA,0,0,0,0,0,0,0,0,NA,NA,0,NA,NA,NA,NA,NA,NA,NA,NA,TRUE
"TN","TENNESSEE","4701470","Greene County",445,"Chuckey Doak High School","470147000445","No",7,4,2,0,0,0,0,0,0,0,0,45,14,0,0,49,16,1,0,5,2,"2021-2022","Supplemental Virtual","Schoolwide",2770,NA,NA,1,NA,NA,NA,NA,NA,84,NA,NA,988,0,1072,NA,NA,0,NA,NA,NA,0.0303249097472924,NA,NA,0.356678700361011,0.387003610108303,65,59,0,6,0,0,0,7,1,0.753846153846154,0.246153846153846,65,FALSE,65,0,0.907692307692308,0.0923076923076923,0,0,0,TRUE
"TX","TEXAS","4826130","LA JOYA ISD",7967,"PATRICIO PEREZ EL","482613007967","No",NA,NA,NA,NA,NA,NA,NA,NA,NA,NA,NA,NA,NA,NA,NA,NA,NA,NA,NA,NA,NA,"2021-2022","Missing","Schoolwide",2115,1,NA,NA,394,452,0,0,0,846,0,0,0,846,846,0.18628841607565,0.21371158392435,0.4,0,0,0,0.4,0,0,0,0.4,NA,0,0,0,0,0,0,0,0,NA,NA,0,NA,NA,NA,NA,NA,NA,NA,NA,TRUE
"CO","Colorado","0802490","Boulder Valley School District No. Re2",118,"Heatherwood Elementary School","080249000118","No",NA,NA,NA,NA,NA,NA,NA,NA,NA,NA,NA,NA,NA,NA,NA,NA,NA,NA,NA,NA,NA,"2020-2021","No virtual instruction","Not_TitleI",1225,1,NA,NA,NA,NA,NA,NA,NA,NA,NA,NA,402,0,402,NA,NA,NA,NA,NA,NA,NA,NA,NA,1,NA,NA,0,0,0,0,0,0,0,0,NA,NA,0,NA,NA,NA,NA,NA,NA,NA,NA,TRUE
"WY","WYOMING","5602870","Fremont County School District # 1",163,"Lander Valley High School","560287000163","No",2,0,0,0,1,0,0,0,0,0,0,11,4,3,0,14,5,0,0,0,0,"2021-2022","No virtual instruction","Targeted",2870,NA,NA,1,556,592,148,12,8,70,2,88,820,1148,1148,0.193728222996516,0.206271777003484,0.4,0.0515679442508711,0.00418118466898955,0.00278745644599303,0.024390243902439,0.000696864111498258,0.0306620209059233,0.285714285714286,0.4,19,15,0,0,0,1,3,0,0,0.736842105263158,0.263157894736842,19,FALSE,19,0,0.789473684210526,0,0,0.0526315789473684,0.157894736842105,TRUE
"CO","COLORADO","0805250","Las Animas School District No. Re-1",867,"Las Animas Junior High School","080525000867","No",NA,NA,NA,NA,NA,NA,NA,NA,NA,NA,NA,NA,NA,NA,NA,NA,NA,NA,NA,NA,NA,"2021-2022","No virtual instruction","Schoolwide",360,NA,1,NA,NA,NA,NA,NA,NA,74,NA,NA,64,0,138,NA,NA,0,NA,NA,NA,0.205555555555556,NA,NA,0.177777777777778,0.383333333333333,NA,0,0,0,0,0,0,0,0,NA,NA,0,NA,NA,NA,NA,NA,NA,NA,NA,TRUE
"MI","MICHIGAN","2617910","Hartland Consolidated Schools",90,"Legacy High School","261791000090","No",0,NA,NA,NA,NA,NA,NA,NA,NA,NA,NA,NA,NA,NA,NA,NA,NA,NA,NA,NA,NA,"2021-2022","Supplemental Virtual","Targeted",230,NA,NA,1,44,48,0,0,2,6,0,0,84,92,92,0.191304347826087,0.208695652173913,0.4,0,0,0.00869565217391304,0.0260869565217391,0,0,0.365217391304348,0.4,NA,0,0,0,0,0,0,0,0,NA,NA,0,NA,NA,NA,NA,NA,NA,NA,NA,TRUE
"NY","NEW YORK","3618540","MARION CENTRAL SCHOOL DISTRICT",1668,"MARION ELEMENTARY SCHOOL","361854001668","No",NA,NA,NA,NA,NA,NA,NA,NA,NA,NA,NA,NA,NA,NA,NA,NA,NA,NA,NA,NA,NA,"2021-2022","No virtual instruction","Schoolwide",1825,1,1,NA,NA,NA,NA,NA,NA,NA,NA,NA,626,0,626,NA,NA,0,NA,NA,NA,NA,NA,NA,0.343013698630137,0.343013698630137,NA,0,0,0,0,0,0,0,0,NA,NA,0,NA,NA,NA,NA,NA,NA,NA,NA,TRUE
"TX","TEXAS","4800016","TEXANS CAN ACADEMIES",10548,"TEXANS CAN ACADEMY - PLEASANT GROVE","480001610548","No",0,NA,NA,NA,NA,NA,NA,NA,NA,NA,NA,NA,NA,NA,NA,NA,NA,NA,NA,NA,NA,"2021-2022","Missing","Schoolwide",3195,NA,NA,1,648,630,4,2,390,834,0,24,24,1278,1278,0.202816901408451,0.197183098591549,0.4,0.00125195618153365,0.000625978090766823,0.122065727699531,0.261032863849765,0,0.00751173708920188,0.00751173708920188,0.4,NA,0,0,0,0,0,0,0,0,NA,NA,0,NA,NA,NA,NA,NA,NA,NA,NA,TRUE
"NC","North Carolina","3701920","Guilford County Schools",793,"Page High","370192000793","No",6,13,3,1,0,8,1,0,0,23,10,54,22,4,1,103,37,1,0,5,0,"2020-2021","No virtual instruction","Schoolwide",8935,NA,NA,1,1860,1714,8,196,1550,434,6,140,1240,3574,3574,0.520425293788472,0.479574706211528,NA,0.00223838836038053,0.0548405148293229,0.433687744823727,0.121432568550644,0.00167879127028539,0.0391717963066592,0.346950195858982,NA,140,76,33,16,9,1,5,5,1,0.735714285714286,0.264285714285714,140,FALSE,140,0.235714285714286,0.542857142857143,0.114285714285714,0.0642857142857143,0.00714285714285714,0.0357142857142857,TRUE
"NY","NEW YORK","3631920","YONKERS CITY SCHOOL DISTRICT",4254,"PATRICIA A DICHIARO SCHOOL","363192004254","No",NA,NA,NA,NA,NA,NA,NA,NA,NA,NA,NA,NA,NA,NA,NA,NA,NA,NA,NA,NA,NA,"2021-2022","No virtual instruction","Schoolwide",2620,1,1,NA,NA,NA,NA,NA,NA,374,NA,NA,476,0,850,NA,NA,0,NA,NA,NA,0.142748091603053,NA,NA,0.181679389312977,0.324427480916031,NA,0,0,0,0,0,0,0,0,NA,NA,0,NA,NA,NA,NA,NA,NA,NA,NA,TRUE
"OH","Ohio","3904701","Hilliard City",4611,"Hoffman Trails Elementary School","390470104611","No",NA,NA,NA,NA,NA,NA,NA,NA,NA,NA,NA,NA,NA,NA,NA,NA,NA,NA,NA,NA,NA,"2020-2021","No virtual instruction","Not_TitleI",2735,1,1,NA,532,562,0,102,62,54,8,38,830,1094,1094,0.486288848263254,0.513711151736746,NA,0,0.093235831809872,0.056672760511883,0.0493601462522852,0.00731261425959781,0.0347349177330896,0.758683729433272,NA,NA,0,0,0,0,0,0,0,0,NA,NA,0,NA,NA,NA,NA,NA,NA,NA,NA,TRUE
"AZ","ARIZONA","0400023","Pinon Unified District (4390)",1524,"Pinon High School","040002301524","No",0,NA,NA,NA,NA,NA,NA,NA,NA,NA,NA,NA,NA,NA,NA,NA,NA,NA,NA,NA,NA,"2021-2022","No virtual instruction","Schoolwide",1660,NA,NA,1,306,358,644,2,0,2,2,10,4,664,664,0.18433734939759,0.21566265060241,0.4,0.387951807228916,0.00120481927710843,0,0.00120481927710843,0.00120481927710843,0.00602409638554217,0.00240963855421687,0.4,NA,0,0,0,0,0,0,0,0,NA,NA,0,NA,NA,NA,NA,NA,NA,NA,NA,TRUE
"MA","Massachusetts","2507080","Lunenburg",1957,"Lunenburg Primary School","250708001957","No",NA,NA,NA,NA,NA,NA,NA,NA,NA,NA,NA,NA,NA,NA,NA,NA,NA,NA,NA,NA,NA,"2020-2021","Supplemental Virtual","Targeted",1925,1,NA,NA,NA,NA,NA,NA,NA,72,NA,30,642,0,744,NA,NA,NA,NA,NA,NA,0.0967741935483871,NA,0.0403225806451613,0.862903225806452,NA,NA,0,0,0,0,0,0,0,0,NA,NA,0,NA,NA,NA,NA,NA,NA,NA,NA,TRUE
"AL","Alabama","0100007","Hoover City",337,"Berry Middle School","010000700337","No",0,NA,NA,NA,NA,NA,NA,NA,NA,NA,NA,NA,NA,NA,NA,NA,NA,NA,NA,NA,NA,"2020-2021","No virtual instruction","Not_TitleI",5710,NA,1,1,NA,NA,NA,NA,NA,NA,NA,NA,NA,0,0,NA,NA,NA,NA,NA,NA,NA,NA,NA,NA,NA,NA,0,0,0,0,0,0,0,0,NA,NA,0,NA,NA,NA,NA,NA,NA,NA,NA,TRUE
"IL","ILLINOIS","1709930","City of Chicago SD 299",978,"Mount Vernon Elem School","170993000978","No",NA,NA,NA,NA,NA,NA,NA,NA,NA,NA,NA,NA,NA,NA,NA,NA,NA,NA,NA,NA,NA,"2021-2022","No virtual instruction","Schoolwide",1255,1,1,NA,NA,NA,NA,NA,494,NA,NA,NA,NA,0,494,NA,NA,0,NA,NA,0.393625498007968,NA,NA,NA,NA,0.393625498007968,NA,0,0,0,0,0,0,0,0,NA,NA,0,NA,NA,NA,NA,NA,NA,NA,NA,TRUE
"OH","OHIO","3904486","Sycamore Community City",1738,"Edwin H Greene Intermediate Middle School","390448601738","No",NA,NA,NA,NA,NA,NA,NA,NA,NA,NA,NA,NA,NA,NA,NA,NA,NA,NA,NA,NA,NA,"2021-2022","No virtual instruction","Targeted",4130,1,1,NA,790,862,0,272,132,120,2,98,1028,1652,1652,0.191283292978208,0.208716707021792,0.4,0,0.0658595641646489,0.0319612590799031,0.0290556900726392,0.000484261501210654,0.023728813559322,0.248910411622276,0.4,NA,0,0,0,0,0,0,0,0,NA,NA,0,NA,NA,NA,NA,NA,NA,NA,NA,TRUE
"CA","California","0628250","Oceanside Unified",4368,"Oceanside High","062825004368","No",0,NA,NA,NA,NA,NA,NA,NA,NA,NA,NA,NA,NA,NA,NA,NA,NA,NA,NA,NA,NA,"2020-2021","Not reported","Mixed",10220,NA,NA,1,NA,NA,NA,128,180,2690,76,168,832,0,4074,NA,NA,NA,NA,0.0314187530682376,0.0441826215022091,0.660284732449681,0.0186548846342661,0.0412371134020619,0.204221894943544,NA,NA,0,0,0,0,0,0,0,0,NA,NA,0,NA,NA,NA,NA,NA,NA,NA,NA,TRUE
"TX","Texas","4838790","San Benito Cisd",11161,"San Benito Riverside Middle","483879011161","No",NA,NA,NA,NA,NA,NA,NA,NA,NA,NA,NA,NA,NA,NA,NA,NA,NA,NA,NA,NA,NA,"2020-2021","Missing","Schoolwide",2930,NA,1,NA,540,632,0,0,0,1160,0,4,8,1172,1172,0.460750853242321,0.539249146757679,NA,0,0,0,0.989761092150171,0,0.00341296928327645,0.0068259385665529,NA,NA,0,0,0,0,0,0,0,0,NA,NA,0,NA,NA,NA,NA,NA,NA,NA,NA,TRUE
"NJ","New Jersey","3415900","Summit Public School District",5708,"Summit High School","341590005708","No",3,0,2,0,0,3,5,0,0,0,0,12,4,1,4,16,15,0,0,0,0,"2020-2021","No virtual instruction","Targeted",5760,NA,NA,1,NA,NA,NA,NA,NA,NA,NA,NA,NA,0,0,NA,NA,NA,NA,NA,NA,NA,NA,NA,NA,NA,31,16,0,2,8,0,5,0,0,0.516129032258065,0.483870967741935,31,FALSE,31,0,0.516129032258065,0.0645161290322581,0.258064516129032,0,0.161290322580645,TRUE
"CA","CALIFORNIA","0610290","Cupertino Union",1138,"John F. Kennedy Middle","061029001138","No",NA,NA,NA,NA,NA,NA,NA,NA,NA,NA,NA,NA,NA,NA,NA,NA,NA,NA,NA,NA,NA,"2021-2022","Not reported","Mixed",4745,NA,1,NA,NA,NA,NA,1528,NA,68,NA,92,202,0,1890,NA,NA,0,NA,0.322023182297155,NA,0.0143308746048472,NA,0.0193888303477345,0.0425711275026344,0.398314014752371,NA,0,0,0,0,0,0,0,0,NA,NA,0,NA,NA,NA,NA,NA,NA,NA,NA,TRUE
"NY","NEW YORK","3624030","QUEENSBURY UNION FREE SCHOOL DISTRICT",3428,"WILLIAM H BARTON INTERMEDIATE SCHOOL","362403003428","No",NA,NA,NA,NA,NA,NA,NA,NA,NA,NA,NA,NA,NA,NA,NA,NA,NA,NA,NA,NA,NA,"2021-2022","No virtual instruction","Not_TitleI",2180,1,NA,NA,NA,NA,NA,16,NA,26,NA,18,798,0,858,NA,NA,0,NA,0.0073394495412844,NA,0.0119266055045872,NA,0.00825688073394495,0.36605504587156,0.393577981651376,NA,0,0,0,0,0,0,0,0,NA,NA,0,NA,NA,NA,NA,NA,NA,NA,NA,TRUE
"OH","OHIO","3904375","Cincinnati Public Schools",311,"College Hill Fundamental Academy","390437500311","No",NA,NA,NA,NA,NA,NA,NA,NA,NA,NA,NA,NA,NA,NA,NA,NA,NA,NA,NA,NA,NA,"2021-2022","No virtual instruction","Schoolwide",1930,1,1,NA,354,418,2,0,704,8,2,34,22,772,772,0.183419689119171,0.216580310880829,0.4,0.00103626943005181,0,0.364766839378238,0.00414507772020725,0.00103626943005181,0.0176165803108808,0.0113989637305699,0.4,NA,0,0,0,0,0,0,0,0,NA,NA,0,NA,NA,NA,NA,NA,NA,NA,NA,TRUE
"SC","South Carolina","4502490","Horry 01",1531,"Hcs Early College High","450249001531","No",6,0,3,0,0,0,0,0,0,3,9,3,9,2,0,8,21,0,0,0,2,"2020-2021","Supplemental Virtual","Schoolwide",1725,NA,NA,1,494,196,8,8,214,118,0,42,300,690,690,0.715942028985507,0.284057971014493,NA,0.0115942028985507,0.0115942028985507,0.310144927536232,0.171014492753623,0,0.0608695652173913,0.434782608695652,NA,29,12,12,3,0,0,2,2,0,0.275862068965517,0.724137931034483,29,FALSE,29,0.413793103448276,0.413793103448276,0.103448275862069,0,0,0.0689655172413793,TRUE
"TN","TENNESSEE","4704530","Williamson County",1369,"Westwood Elementary School","470453001369","No",NA,NA,NA,NA,NA,NA,NA,NA,NA,NA,NA,NA,NA,NA,NA,NA,NA,NA,NA,NA,NA,"2021-2022","No virtual instruction","Schoolwide",2715,1,NA,NA,NA,NA,NA,NA,NA,NA,NA,NA,902,0,902,NA,NA,0,NA,NA,NA,NA,NA,NA,0.332228360957643,0.332228360957643,NA,0,0,0,0,0,0,0,0,NA,NA,0,NA,NA,NA,NA,NA,NA,NA,NA,TRUE
"LA","LOUISIANA","2200900","Lafourche Parish",1603,"South Larose Elementary School","220090001603","No",NA,NA,NA,NA,NA,NA,NA,NA,NA,NA,NA,NA,NA,NA,NA,NA,NA,NA,NA,NA,NA,"2021-2022","No virtual instruction","Schoolwide",1750,1,NA,NA,NA,NA,NA,NA,NA,96,NA,NA,440,0,536,NA,NA,0,NA,NA,NA,0.0548571428571429,NA,NA,0.251428571428571,0.306285714285714,NA,0,0,0,0,0,0,0,0,NA,NA,0,NA,NA,NA,NA,NA,NA,NA,NA,TRUE
"NE","Nebraska","3178520","Wayne Community Schools",1701,"Wayne Junior High School","317852001701","No",NA,NA,NA,NA,NA,NA,NA,NA,NA,NA,NA,NA,NA,NA,NA,NA,NA,NA,NA,NA,NA,"2020-2021","No virtual instruction","Not_TitleI",700,NA,1,NA,150,130,0,2,4,36,0,8,230,280,280,0.535714285714286,0.464285714285714,NA,0,0.00714285714285714,0.0142857142857143,0.128571428571429,0,0.0285714285714286,0.821428571428571,NA,NA,0,0,0,0,0,0,0,0,NA,NA,0,NA,NA,NA,NA,NA,NA,NA,NA,TRUE
"TX","TEXAS","4816860","DESOTO ISD",9467,"WOODRIDGE EL","481686009467","No",NA,NA,NA,NA,NA,NA,NA,NA,NA,NA,NA,NA,NA,NA,NA,NA,NA,NA,NA,NA,NA,"2021-2022","Missing","Schoolwide",3025,1,NA,NA,552,658,2,2,1012,148,0,28,18,1210,1210,0.182479338842975,0.217520661157025,0.4,0.000661157024793388,0.000661157024793388,0.334545454545455,0.0489256198347107,0,0.00925619834710744,0.0059504132231405,0.4,NA,0,0,0,0,0,0,0,0,NA,NA,0,NA,NA,NA,NA,NA,NA,NA,NA,TRUE
"MA","MASSACHUSETTS","2511520","Taunton",2416,"John F Parker Middle","251152002416","No",NA,NA,NA,NA,NA,NA,NA,NA,NA,NA,NA,NA,NA,NA,NA,NA,NA,NA,NA,NA,NA,"2021-2022","No virtual instruction","Not_TitleI",2295,1,1,NA,NA,NA,NA,NA,250,144,NA,60,456,0,910,NA,NA,0,NA,NA,0.108932461873638,0.0627450980392157,NA,0.0261437908496732,0.198692810457516,0.396514161220044,NA,0,0,0,0,0,0,0,0,NA,NA,0,NA,NA,NA,NA,NA,NA,NA,NA,TRUE
"IL","ILLINOIS","1703660","AlWood CUSD 225",57,"AlWood Elem School","170366000057","No",NA,NA,NA,NA,NA,NA,NA,NA,NA,NA,NA,NA,NA,NA,NA,NA,NA,NA,NA,NA,NA,"2021-2022","No virtual instruction","Targeted",1015,1,1,NA,NA,NA,NA,NA,NA,NA,NA,NA,384,0,384,NA,NA,0,NA,NA,NA,NA,NA,NA,0.378325123152709,0.378325123152709,NA,0,0,0,0,0,0,0,0,NA,NA,0,NA,NA,NA,NA,NA,NA,NA,NA,TRUE
"GA","Georgia","1301230","Clayton County",4279,"Perry Career Academy - Eula Wilburn Ponds Perry Center For","130123004279","No",44,15,15,1,0,1,0,0,0,54,34,1,0,1,2,73,51,4,3,8,6,"2020-2021","No virtual instruction","Schoolwide",4555,NA,1,1,804,1018,2,30,1242,454,2,36,56,1822,1822,0.441273326015368,0.558726673984632,NA,0.00109769484083425,0.0164654226125137,0.681668496158068,0.249176728869374,0.00109769484083425,0.0197585071350165,0.0307354555433589,NA,124,1,88,30,1,1,3,14,7,0.588709677419355,0.411290322580645,124,FALSE,124,0.709677419354839,0.00806451612903226,0.241935483870968,0.00806451612903226,0.00806451612903226,0.0241935483870968,TRUE
"NJ","NEW JERSEY","3412690","Paterson Public School District",4908,"School 18","341269004908","No",NA,NA,NA,NA,NA,NA,NA,NA,NA,NA,NA,NA,NA,NA,NA,NA,NA,NA,NA,NA,NA,"2021-2022","No virtual instruction","Schoolwide",3420,1,1,NA,NA,NA,NA,NA,NA,1198,NA,NA,NA,0,1198,NA,NA,0,NA,NA,NA,0.350292397660819,NA,NA,NA,0.350292397660819,NA,0,0,0,0,0,0,0,0,NA,NA,0,NA,NA,NA,NA,NA,NA,NA,NA,TRUE
"AZ","ARIZONA","0405930","Paradise Valley Unified District (4241)",487,"Palomino Primary School","040593000487","No",NA,NA,NA,NA,NA,NA,NA,NA,NA,NA,NA,NA,NA,NA,NA,NA,NA,NA,NA,NA,NA,"2021-2022","No virtual instruction","Schoolwide",2510,1,NA,NA,548,456,6,2,52,896,0,14,34,1004,1004,0.218326693227092,0.181673306772908,0.4,0.00239043824701195,0.000796812749003984,0.0207171314741036,0.356972111553785,0,0.00557768924302789,0.0135458167330677,0.4,NA,0,0,0,0,0,0,0,0,NA,NA,0,NA,NA,NA,NA,NA,NA,NA,NA,TRUE
"VA","VIRGINIA","5103840","VA BEACH CITY PBLC SCHS",443,"STRAWBRIDGE ELEM","510384000443","No",NA,NA,NA,NA,NA,NA,NA,NA,NA,NA,NA,NA,NA,NA,NA,NA,NA,NA,NA,NA,NA,"2021-2022","Supplemental Virtual","Not_TitleI",2960,1,NA,NA,566,618,0,54,64,124,4,112,826,1184,1184,0.191216216216216,0.208783783783784,0.4,0,0.0182432432432432,0.0216216216216216,0.0418918918918919,0.00135135135135135,0.0378378378378378,0.279054054054054,0.4,NA,0,0,0,0,0,0,0,0,NA,NA,0,NA,NA,NA,NA,NA,NA,NA,NA,TRUE
"IL","Illinois","1700099","Isu  Laboratory Schools",4504,"Thomas Metcalf School","170009904504","No",NA,NA,NA,NA,NA,NA,NA,NA,NA,NA,NA,NA,NA,NA,NA,NA,NA,NA,NA,NA,NA,"2020-2021","Not reported","Mixed",1950,1,1,NA,NA,NA,NA,NA,NA,NA,NA,NA,NA,0,0,NA,NA,NA,NA,NA,NA,NA,NA,NA,NA,NA,NA,0,0,0,0,0,0,0,0,NA,NA,0,NA,NA,NA,NA,NA,NA,NA,NA,TRUE
